;Cod.Unico;Categorias;Código da Meta
0;C1::mupriscila;Partage_ADM;
1;C1::ricardo;Partage_ADM;
2;C1.01.07::pcrodrigo;Partage_ADM;GEST_316
2;C1.01.07::pcrodrigo;Partage_ADM;GEST_317
2;C1.01.07::pcrodrigo;Partage_ADM;GEST_315
2;C1.01.07::pcrodrigo;Partage_ADM;GEST_024
2;C1.01.07::pcrodrigo;Partage_ADM;GEST_169
3;C1.04.01::njosiane;Partage_ADM;GEST_104
3;C1.04.01::njosiane;Partage_ADM;GEST_280
3;C1.04.01::njosiane;Partage_ADM;GEST_165
3;C1.04.01::njosiane;Partage_ADM;GEST_084
3;C1.04.01::njosiane;Partage_ADM;GEST_190
4;C1.04.01::OP001ccelso;Partage_ADM;
5;C1.04.01.03::sdaiane;Partage_ADM;GEST_321
5;C1.04.01.03::sdaiane;Partage_ADM;GEST_320
5;C1.04.01.03::sdaiane;Partage_ADM;GEST_164
5;C1.04.01.03::sdaiane;Partage_ADM;GEST_319
5;C1.04.01.03::sdaiane;Partage_ADM;GEST_318
6;C1.01.07.02::rodrigo.andrade;Partage_ADM;GEST_353
6;C1.01.07.02::rodrigo.andrade;Partage_ADM;GEST_354
6;C1.01.07.02::rodrigo.andrade;Partage_ADM;GEST_355
6;C1.01.07.02::rodrigo.andrade;Partage_ADM;GEST_356
6;C1.01.07.02::rodrigo.andrade;Partage_ADM;GEST_357
7;C1.01.07.01::lrichard;Partage_ADM;GEST_162
7;C1.01.07.01::lrichard;Partage_ADM;GEST_163
7;C1.01.07.01::lrichard;Partage_ADM;GEST_141
7;C1.01.07.01::lrichard;Partage_ADM;GEST_150
7;C1.01.07.01::lrichard;Partage_ADM;GEST_140
8;C1.01.08::gmarco;Gestão_S|SE;
9;C1.01.09::gfernanda;Gestão_NE;GEST_310
9;C1.01.09::gfernanda;Gestão_NE;GEST_308
9;C1.01.09::gfernanda;Gestão_NE;GEST_309
9;C1.01.09::gfernanda;Gestão_NE;GEST_306
9;C1.01.09::gfernanda;Gestão_NE;GEST_007
9;C1.01.09::gfernanda;Gestão_NE;GEST_062
10;C1.03.10.35::rmauricio;Gestão_N|CO;GEST_314
10;C1.03.10.35::rmauricio;Gestão_N|CO;GEST_312
10;C1.03.10.35::rmauricio;Gestão_N|CO;GEST_313
10;C1.03.10.35::rmauricio;Gestão_N|CO;GEST_311
10;C1.03.10.35::rmauricio;Gestão_N|CO;GEST_011
10;C1.03.10.35::rmauricio;Gestão_N|CO;GEST_080
11;C1.01::sqbruno;Partage_ADM;
12;C1.01::npupo;Partage_ADM;MKT_004
12;C1.01::npupo;Partage_ADM;MKT_001
12;C1.01::npupo;Partage_ADM;MKT_002
12;C1.01::npupo;Partage_ADM;MKT_005
12;C1.01::npupo;Partage_ADM;MKT_003
13;C1.01::mjulio;Partage_ADM;
14;C1.01.04::canaguiomar;Partage_ADM;MKT_006
14;C1.01.04::canaguiomar;Partage_ADM;MKT_008
14;C1.01.04::canaguiomar;Partage_ADM;MKT_009
14;C1.01.04::canaguiomar;Partage_ADM;MKT_010
14;C1.01.04::canaguiomar;Partage_ADM;MKT_007
15;C1.01.04::smarcia;Partage_ADM;
16;C1.01.04::ssarah;Partage_ADM;
17;C1.01.04.02::ldafne;PSCG;MKT_017
17;C1.01.04.02::ldafne;PSCG;MKT_016
17;C1.01.04.02::ldafne;PSCG;MKT_018
17;C1.01.04.02::ldafne;PSCG;MKT_019
17;C1.01.04.02::ldafne;PSCG;MKT_020
18;C1.01.04.02::ldafne;PSMO;MKT_017
18;C1.01.04.02::ldafne;PSMO;MKT_016
18;C1.01.04.02::ldafne;PSMO;MKT_018
18;C1.01.04.02::ldafne;PSMO;MKT_019
18;C1.01.04.02::ldafne;PSMO;MKT_020
19;C1.01.04.02::ldafne;PSAR;MKT_017
19;C1.01.04.02::ldafne;PSAR;MKT_016
19;C1.01.04.02::ldafne;PSAR;MKT_018
19;C1.01.04.02::ldafne;PSAR;MKT_019
19;C1.01.04.02::ldafne;PSAR;MKT_020
20;C1.01.04.02::ldafne;PNSN;MKT_017
20;C1.01.04.02::ldafne;PNSN;MKT_016
20;C1.01.04.02::ldafne;PNSN;MKT_018
20;C1.01.04.02::ldafne;PNSN;MKT_019
20;C1.01.04.02::ldafne;PNSN;MKT_020
21;C1.01.04.03::mjanaina;PSRG;MKT_022
21;C1.01.04.03::mjanaina;PSRG;MKT_021
21;C1.01.04.03::mjanaina;PSRG;MKT_023
21;C1.01.04.03::mjanaina;PSRG;MKT_024
21;C1.01.04.03::mjanaina;PSRG;MKT_025
22;C1.01.04.03::mjanaina;PSSG;MKT_022
22;C1.01.04.03::mjanaina;PSSG;MKT_021
22;C1.01.04.03::mjanaina;PSSG;MKT_023
22;C1.01.04.03::mjanaina;PSSG;MKT_024
22;C1.01.04.03::mjanaina;PSSG;MKT_025
23;C1.01.04.03::mjanaina;PSBE;MKT_022
23;C1.01.04.03::mjanaina;PSBE;MKT_021
23;C1.01.04.03::mjanaina;PSBE;MKT_023
23;C1.01.04.03::mjanaina;PSBE;MKT_024
23;C1.01.04.03::mjanaina;PSBE;MKT_025
24;C1.01.04.03::mjanaina;PSJS;MKT_022
24;C1.01.04.03::mjanaina;PSJS;MKT_021
24;C1.01.04.03::mjanaina;PSJS;MKT_023
24;C1.01.04.03::mjanaina;PSJS;MKT_024
24;C1.01.04.03::mjanaina;PSJS;MKT_025
25;C1.01.04.04::debora.viana;PSMA;MKT_012
25;C1.01.04.04::debora.viana;PSMA;MKT_011
25;C1.01.04.04::debora.viana;PSMA;MKT_013
25;C1.01.04.04::debora.viana;PSMA;MKT_014
25;C1.01.04.04::debora.viana;PSMA;MKT_015
26;C1.01.04.04::debora.viana;PSPA;MKT_012
26;C1.01.04.04::debora.viana;PSPA;MKT_011
26;C1.01.04.04::debora.viana;PSPA;MKT_013
26;C1.01.04.04::debora.viana;PSPA;MKT_014
26;C1.01.04.04::debora.viana;PSPA;MKT_015
27;C1.01.04.04::debora.viana;PSPC;MKT_012
27;C1.01.04.04::debora.viana;PSPC;MKT_011
27;C1.01.04.04::debora.viana;PSPC;MKT_013
27;C1.01.04.04::debora.viana;PSPC;MKT_014
27;C1.01.04.04::debora.viana;PSPC;MKT_015
28;C1.01.04.04::debora.viana;S3A;MKT_012
28;C1.01.04.04::debora.viana;S3A;MKT_011
28;C1.01.04.04::debora.viana;S3A;MKT_013
28;C1.01.04.04::debora.viana;S3A;MKT_014
28;C1.01.04.04::debora.viana;S3A;MKT_015
29;C1.03.06.03.01::OP001qheli;PSPA;
30;C1.03.06.03.01.02::faniribeiro7;PSPA;
31;C1.03.06.03.01.02::channah;PSPA;
32;C1.03.06.03.01.02::bwarmeson;PSPA;
33;C1.03.06.03.01.01::qluciana;PSPA;
34;C1.03.06.03.01.01::mvinicius;PSPA;
35;C1.03.10.3::lpatrick;S3A;
36;C1.03.09.13::lpatrick;S3A;MKT_108
36;C1.03.09.13::lpatrick;S3A;MKT_109
36;C1.03.09.13::lpatrick;S3A;MKT_110
36;C1.03.09.13::lpatrick;S3A;MKT_111
36;C1.03.09.13::lpatrick;S3A;MKT_163
36;C1.03.09.13::lpatrick;S3A;MKT_164
37;C1.01.12::OP001cotavio;Partage_ADM;
38;C1.01.12::jwagner;Partage_ADM;MKT_124
38;C1.01.12::jwagner;Partage_ADM;MKT_121
38;C1.01.12::jwagner;Partage_ADM;MKT_122
38;C1.01.12::jwagner;Partage_ADM;MKT_123
38;C1.01.12::jwagner;Partage_ADM;MKT_125
39;C1.01.10.3::rmariana;Partage_ADM;MKT_130
39;C1.01.10.3::rmariana;Partage_ADM;MKT_131
39;C1.01.10.3::rmariana;Partage_ADM;MKT_132
39;C1.01.10.3::rmariana;Partage_ADM;MKT_133
40;C1.01.10.1::OP001landre;Partage_ADM;
41;C1.01.10.1::nthiago;Partage_ADM;
42;C1.01.10::geduardo;Partage_ADM;MKT_138
42;C1.01.10::geduardo;Partage_ADM;MKT_139
42;C1.01.10::geduardo;Partage_ADM;MKT_140
42;C1.01.10::geduardo;Partage_ADM;MKT_141
43;C1.01.06::garthur;Partage_ADM;
44;C1.01.06::rkatyusia;Partage_ADM;
45;C1.01.06::apaula;Partage_ADM;MKT_135
45;C1.01.06::apaula;Partage_ADM;MKT_134
45;C1.01.06::apaula;Partage_ADM;MKT_136
45;C1.01.06::apaula;Partage_ADM;MKT_137
46;C1.03.09.07::vago.cotavio;Partage_ADM;MKT_142
46;C1.03.09.07::vago.cotavio;Partage_ADM;MKT_143
46;C1.03.09.07::vago.cotavio;Partage_ADM;MKT_144
46;C1.03.09.07::vago.cotavio;Partage_ADM;MKT_145
47;C1.01.10.4::vgabriela;Partage_ADM;MKT_112
47;C1.01.10.4::vgabriela;Partage_ADM;MKT_113
47;C1.01.10.4::vgabriela;Partage_ADM;MKT_115
47;C1.01.10.4::vgabriela;Partage_ADM;MKT_116
47;C1.01.10.4::vgabriela;Partage_ADM;MKT_119
48;C1.01.10.2::ckaio;Partage_ADM;MKT_117
48;C1.01.10.2::ckaio;Partage_ADM;MKT_118
48;C1.01.10.2::ckaio;Partage_ADM;MKT_120
48;C1.01.10.2::ckaio;Partage_ADM;MKT_114
49;C1.02::pcrodrigo;Partage_ADM;OP_240
49;C1.02::pcrodrigo;Partage_ADM;OP_238
49;C1.02::pcrodrigo;Partage_ADM;OP_241
49;C1.02::pcrodrigo;Partage_ADM;OP_242
49;C1.02::pcrodrigo;Partage_ADM;OP_239
50;C1.02.02::antigo.ncassio;PSMO;OP_253
50;C1.02.02::antigo.ncassio;PSMO;OP_269
50;C1.02.02::antigo.ncassio;PSMO;OP_254
50;C1.02.02::antigo.ncassio;PSMO;OP_266
50;C1.02.02::antigo.ncassio;PSMO;OP_268
50;C1.02.02::antigo.ncassio;PSMO;OP_258
50;C1.02.02::antigo.ncassio;PSMO;OP_257
50;C1.02.02::antigo.ncassio;PSMO;OP_255
50;C1.02.02::antigo.ncassio;PSMO;OP_256
51;C1.02.02::antigo.ncassio;PNSN;OP_253
51;C1.02.02::antigo.ncassio;PNSN;OP_269
51;C1.02.02::antigo.ncassio;PNSN;OP_254
51;C1.02.02::antigo.ncassio;PNSN;OP_266
51;C1.02.02::antigo.ncassio;PNSN;OP_268
51;C1.02.02::antigo.ncassio;PNSN;OP_258
51;C1.02.02::antigo.ncassio;PNSN;OP_257
51;C1.02.02::antigo.ncassio;PNSN;OP_255
51;C1.02.02::antigo.ncassio;PNSN;OP_256
52;C1.02.02::antigo.ncassio;PSAR;OP_253
52;C1.02.02::antigo.ncassio;PSAR;OP_269
52;C1.02.02::antigo.ncassio;PSAR;OP_254
52;C1.02.02::antigo.ncassio;PSAR;OP_266
52;C1.02.02::antigo.ncassio;PSAR;OP_268
52;C1.02.02::antigo.ncassio;PSAR;OP_258
52;C1.02.02::antigo.ncassio;PSAR;OP_257
52;C1.02.02::antigo.ncassio;PSAR;OP_255
52;C1.02.02::antigo.ncassio;PSAR;OP_256
53;C1.02.02::antigo.ncassio;PSCG;OP_253
53;C1.02.02::antigo.ncassio;PSCG;OP_269
53;C1.02.02::antigo.ncassio;PSCG;OP_254
53;C1.02.02::antigo.ncassio;PSCG;OP_266
53;C1.02.02::antigo.ncassio;PSCG;OP_268
53;C1.02.02::antigo.ncassio;PSCG;OP_258
53;C1.02.02::antigo.ncassio;PSCG;OP_257
53;C1.02.02::antigo.ncassio;PSCG;OP_255
53;C1.02.02::antigo.ncassio;PSCG;OP_256
54;C1.02.02::antigo.ncassio;PSMA;OP_253
54;C1.02.02::antigo.ncassio;PSMA;OP_269
54;C1.02.02::antigo.ncassio;PSMA;OP_254
54;C1.02.02::antigo.ncassio;PSMA;OP_266
54;C1.02.02::antigo.ncassio;PSMA;OP_268
54;C1.02.02::antigo.ncassio;PSMA;OP_258
54;C1.02.02::antigo.ncassio;PSMA;OP_257
54;C1.02.02::antigo.ncassio;PSMA;OP_255
54;C1.02.02::antigo.ncassio;PSMA;OP_256
55;C1.02.02::antigo.ncassio;PSPA;OP_253
55;C1.02.02::antigo.ncassio;PSPA;OP_269
55;C1.02.02::antigo.ncassio;PSPA;OP_254
55;C1.02.02::antigo.ncassio;PSPA;OP_266
55;C1.02.02::antigo.ncassio;PSPA;OP_268
55;C1.02.02::antigo.ncassio;PSPA;OP_258
55;C1.02.02::antigo.ncassio;PSPA;OP_257
55;C1.02.02::antigo.ncassio;PSPA;OP_255
55;C1.02.02::antigo.ncassio;PSPA;OP_256
56;C1.02.02::ncassio;PSMO;
57;C1.02.02::ncassio;PNSN;
58;C1.02.02::ncassio;PSAR;
59;C1.02.02::ncassio;PSCG;
60;C1.02.02::ncassio;PSMA;
61;C1.02.02::ncassio;PSPA;
62;C1.02.03::fvandoir;Partage_ADM;OP_262
62;C1.02.03::fvandoir;Partage_ADM;OP_263
62;C1.02.03::fvandoir;Partage_ADM;OP_264
62;C1.02.03::fvandoir;Partage_ADM;OP_265
63;C1.02.03.09::sallan;Partage_ADM;OP_261
63;C1.02.03.09::sallan;Partage_ADM;OP_259
63;C1.02.03.09::sallan;Partage_ADM;OP_260
64;C1.06.06.05::antigo.cbleandro;PSRG;OP_247
64;C1.06.06.05::antigo.cbleandro;PSRG;OP_271
64;C1.06.06.05::antigo.cbleandro;PSRG;OP_272
64;C1.06.06.05::antigo.cbleandro;PSRG;OP_252
64;C1.06.06.05::antigo.cbleandro;PSRG;OP_251
64;C1.06.06.05::antigo.cbleandro;PSRG;OP_249
64;C1.06.06.05::antigo.cbleandro;PSRG;OP_250
64;C1.06.06.05::antigo.cbleandro;PSRG;OP_270
64;C1.06.06.05::antigo.cbleandro;PSRG;OP_267
65;C1.06.06.05::antigo.cbleandro;PSJS;OP_247
65;C1.06.06.05::antigo.cbleandro;PSJS;OP_271
65;C1.06.06.05::antigo.cbleandro;PSJS;OP_272
65;C1.06.06.05::antigo.cbleandro;PSJS;OP_252
65;C1.06.06.05::antigo.cbleandro;PSJS;OP_251
65;C1.06.06.05::antigo.cbleandro;PSJS;OP_249
65;C1.06.06.05::antigo.cbleandro;PSJS;OP_250
65;C1.06.06.05::antigo.cbleandro;PSJS;OP_270
65;C1.06.06.05::antigo.cbleandro;PSJS;OP_267
66;C1.06.06.05::antigo.cbleandro;PSBE;OP_247
66;C1.06.06.05::antigo.cbleandro;PSBE;OP_271
66;C1.06.06.05::antigo.cbleandro;PSBE;OP_272
66;C1.06.06.05::antigo.cbleandro;PSBE;OP_252
66;C1.06.06.05::antigo.cbleandro;PSBE;OP_251
66;C1.06.06.05::antigo.cbleandro;PSBE;OP_249
66;C1.06.06.05::antigo.cbleandro;PSBE;OP_250
66;C1.06.06.05::antigo.cbleandro;PSBE;OP_270
66;C1.06.06.05::antigo.cbleandro;PSBE;OP_267
67;C1.06.06.05::antigo.cbleandro;PSSG;OP_247
67;C1.06.06.05::antigo.cbleandro;PSSG;OP_271
67;C1.06.06.05::antigo.cbleandro;PSSG;OP_272
67;C1.06.06.05::antigo.cbleandro;PSSG;OP_252
67;C1.06.06.05::antigo.cbleandro;PSSG;OP_251
67;C1.06.06.05::antigo.cbleandro;PSSG;OP_249
67;C1.06.06.05::antigo.cbleandro;PSSG;OP_250
67;C1.06.06.05::antigo.cbleandro;PSSG;OP_270
67;C1.06.06.05::antigo.cbleandro;PSSG;OP_267
68;C1.06.06.05::antigo.cbleandro;S3A;OP_247
68;C1.06.06.05::antigo.cbleandro;S3A;OP_271
68;C1.06.06.05::antigo.cbleandro;S3A;OP_272
68;C1.06.06.05::antigo.cbleandro;S3A;OP_252
68;C1.06.06.05::antigo.cbleandro;S3A;OP_251
68;C1.06.06.05::antigo.cbleandro;S3A;OP_249
68;C1.06.06.05::antigo.cbleandro;S3A;OP_250
68;C1.06.06.05::antigo.cbleandro;S3A;OP_270
68;C1.06.06.05::antigo.cbleandro;S3A;OP_267
69;C1.06.06.05::antigo.cbleandro;PSPC;OP_247
69;C1.06.06.05::antigo.cbleandro;PSPC;OP_271
69;C1.06.06.05::antigo.cbleandro;PSPC;OP_272
69;C1.06.06.05::antigo.cbleandro;PSPC;OP_252
69;C1.06.06.05::antigo.cbleandro;PSPC;OP_251
69;C1.06.06.05::antigo.cbleandro;PSPC;OP_249
69;C1.06.06.05::antigo.cbleandro;PSPC;OP_250
69;C1.06.06.05::antigo.cbleandro;PSPC;OP_270
69;C1.06.06.05::antigo.cbleandro;PSPC;OP_267
70;C1.03.10.04::OP001orafael;PSMA;
71;C1.03.10.04::orafael;PSMA;
72;C1.03.10.45::fricardo;Operações_N|CO;OP_360
72;C1.03.10.45::fricardo;Operações_N|CO;OP_361
72;C1.03.10.45::fricardo;Operações_N|CO;OP_362
72;C1.03.10.45::fricardo;Operações_N|CO;OP_363
72;C1.03.10.45::fricardo;Operações_N|CO;OP_365
72;C1.03.10.45::fricardo;Operações_N|CO;OP_357
72;C1.03.10.45::fricardo;Operações_N|CO;OP_358
72;C1.03.10.45::fricardo;Operações_N|CO;OP_359
72;C1.03.10.45::fricardo;Operações_N|CO;OP_364
73;C1.02.02.01::ncassio;Operações_NE;OP_369
73;C1.02.02.01::ncassio;Operações_NE;OP_372
73;C1.02.02.01::ncassio;Operações_NE;OP_373
73;C1.02.02.01::ncassio;Operações_NE;OP_371
73;C1.02.02.01::ncassio;Operações_NE;OP_374
73;C1.02.02.01::ncassio;Operações_NE;OP_370
73;C1.02.02.01::ncassio;Operações_NE;OP_366
73;C1.02.02.01::ncassio;Operações_NE;OP_367
73;C1.02.02.01::ncassio;Operações_NE;OP_368
74;C1.06.06.06::cbleandro;Operações_S|SE;OP_378
74;C1.06.06.06::cbleandro;Operações_S|SE;OP_381
74;C1.06.06.06::cbleandro;Operações_S|SE;OP_382
74;C1.06.06.06::cbleandro;Operações_S|SE;OP_380
74;C1.06.06.06::cbleandro;Operações_S|SE;OP_383
74;C1.06.06.06::cbleandro;Operações_S|SE;OP_379
74;C1.06.06.06::cbleandro;Operações_S|SE;OP_376
74;C1.06.06.06::cbleandro;Operações_S|SE;OP_375
74;C1.06.06.06::cbleandro;Operações_S|SE;OP_377
75;C1.03::OP001vluiz;Partage_ADM;
76;C1.03.01::nmarcelo;PSSG;GEST_207
76;C1.03.01::nmarcelo;PSSG;GEST_210
76;C1.03.01::nmarcelo;PSSG;GEST_211
76;C1.03.01::nmarcelo;PSSG;GEST_212
76;C1.03.01::nmarcelo;PSSG;GEST_213
76;C1.03.01::nmarcelo;PSSG;GEST_214
76;C1.03.01::nmarcelo;PSSG;GEST_336
77;C1.03.01::pjacqueline;PSSG;
78;C1.03.01.02::shederaldo;PSSG;OP_172
78;C1.03.01.02::shederaldo;PSSG;OP_173
78;C1.03.01.02::shederaldo;PSSG;OP_174
78;C1.03.01.02::shederaldo;PSSG;OP_175
78;C1.03.01.02::shederaldo;PSSG;OP_176
78;C1.03.01.02::shederaldo;PSSG;OP_177
79;C1.03.01.02.01.01::vaqualidade;PSSG;
80;C1.03.01.02.01.01::OP001racamila;PSSG;
81;C1.03.01.02.02::malex;PSSG;OP_183
81;C1.03.01.02.02::malex;PSSG;OP_184
81;C1.03.01.02.02::malex;PSSG;OP_185
81;C1.03.01.02.02::malex;PSSG;OP_186
81;C1.03.01.02.02::malex;PSSG;OP_187
82;C1.03.01.02.02::salexander;PSSG;
83;C1.03.01.02.02::qrafael;PSSG;
84;C1.03.01.02.02::cvilwander;PSSG;
85;C1.03.01.02.03::raline;PSSG;OP_178
85;C1.03.01.02.03::raline;PSSG;OP_179
85;C1.03.01.02.03::raline;PSSG;OP_180
85;C1.03.01.02.03::raline;PSSG;OP_181
85;C1.03.01.02.03::raline;PSSG;OP_182
86;C1.03.01.02.03.03::OP001caldineia;PSSG;
87;C1.03.01.02.03.03::OP001pguilherme;PSSG;
88;C1.03.01.02.03.01::ralan;PSSG;OP_197
88;C1.03.01.02.03.01::ralan;PSSG;OP_198
88;C1.03.01.02.03.01::ralan;PSSG;OP_199
88;C1.03.01.02.03.01::ralan;PSSG;OP_200
88;C1.03.01.02.03.01::ralan;PSSG;OP_201
89;C1.03.01.02.03.01::vagox;PSSG;
90;C1.03.01.02.03.01::lrenan;PSSG;
91;C1.03.01.02.03.02::voperacoes;PSSG;
92;C1.03.01.02.03.02::pguilherme;PSSG;
93;C1.03.01.02.03.02::OP001apriscila;PSSG;
94;C1.03.01.02.03.02::ssergio;PSSG;OP_188
94;C1.03.01.02.03.02::ssergio;PSSG;OP_189
94;C1.03.01.02.03.02::ssergio;PSSG;OP_190
94;C1.03.01.02.03.02::ssergio;PSSG;OP_191
95;C1.03.01.02.04::saldair;PSSG;OP_303
95;C1.03.01.02.04::saldair;PSSG;OP_304
95;C1.03.01.02.04::saldair;PSSG;OP_305
95;C1.03.01.02.04::saldair;PSSG;OP_306
95;C1.03.01.02.04::saldair;PSSG;OP_307
96;C1.03.01.01::rdaniela;PSSG;
97;C1.03.01.01::pdanielle;PSSG;
98;C1.03.01.01::npenha;PSSG;
99;C1.03.01.01.04::ahenrique;PSSG;
100;C1.03.01.03::vgermkt;PSSG;
101;C1.03.01.05::pdanielle;PSSG;GEST_215
101;C1.03.01.05::pdanielle;PSSG;GEST_216
101;C1.03.01.05::pdanielle;PSSG;GEST_217
101;C1.03.01.05::pdanielle;PSSG;GEST_285
101;C1.03.01.05::pdanielle;PSSG;GEST_286
102;C1.03.01.01.01.01::fthiara;PSSG;GEST_025
102;C1.03.01.01.01.01::fthiara;PSSG;GEST_058
102;C1.03.01.01.01.01::fthiara;PSSG;GEST_224
102;C1.03.01.01.01.01::fthiara;PSSG;GEST_225
103;C1.03.01.04::cmatheus;PSSG;GEST_326
103;C1.03.01.04::cmatheus;PSSG;GEST_327
103;C1.03.01.04::cmatheus;PSSG;GEST_328
104;C1.03.01.01.01.03::shiago;PSSG;GEST_275
104;C1.03.01.01.01.03::shiago;PSSG;GEST_276
104;C1.03.01.01.01.03::shiago;PSSG;GEST_277
104;C1.03.01.01.01.03::shiago;PSSG;GEST_278
105;C1.03.01.01.02.01::ggabriella;PSSG;GEST_219
105;C1.03.01.01.02.01::ggabriella;PSSG;GEST_220
105;C1.03.01.01.02.01::ggabriella;PSSG;GEST_221
105;C1.03.01.01.02.01::ggabriella;PSSG;GEST_222
106;C1.03.01.03.01::proza;PSSG;
107;C1.03.01.03.01::cluciana;PSSG;MKT_055
107;C1.03.01.03.01::cluciana;PSSG;MKT_053
107;C1.03.01.03.01::cluciana;PSSG;MKT_054
107;C1.03.01.03.01::cluciana;PSSG;MKT_056
107;C1.03.01.03.01::cluciana;PSSG;MKT_057
108;C1.03.01.03.01::epietro;PSSG;
109;C1.03.01.03.01.02::rcaline;PSSG;
110;C1.03.01.03.01.02::celizabeth;PSSG;MKT_058
110;C1.03.01.03.01.02::celizabeth;PSSG;MKT_059
110;C1.03.01.03.01.02::celizabeth;PSSG;MKT_060
110;C1.03.01.03.01.02::celizabeth;PSSG;MKT_061
111;C1.03.01.03.01.02::crobson;PSSG;
112;C1.03.01.03.01.01::rlorrana;PSSG;
113;C1.03.01.03.01.01::vamkt;PSSG;
114;C1.03.01.03.01.01::lmanuella;PSSG;
115;C1.03.01.03.01.01::OP001epietro;PSSG;
116;C1.03.02::frafael;PSBE;GEST_188
116;C1.03.02::frafael;PSBE;GEST_189
116;C1.03.02::frafael;PSBE;GEST_191
116;C1.03.02::frafael;PSBE;GEST_192
116;C1.03.02::frafael;PSBE;GEST_193
116;C1.03.02::frafael;PSBE;GEST_334
117;C1.03.02::prodrigo;PSBE;
118;C1.03.02.02::cgalileu;PSBE;OP_113
118;C1.03.02.02::cgalileu;PSBE;OP_114
118;C1.03.02.02::cgalileu;PSBE;OP_115
118;C1.03.02.02::cgalileu;PSBE;OP_116
118;C1.03.02.02::cgalileu;PSBE;OP_117
118;C1.03.02.02::cgalileu;PSBE;OP_118
119;C1.03.02.02.01::vcoordenador;PSBE;
120;C1.03.02.02.01::OP001vfernando;PSBE;
121;C1.03.02.02.02::narthur;PSBE;
122;C1.03.02.02.02::vagoseg;PSBE;
123;C1.03.02.02.02::jedson;PSBE;
124;C1.03.02.02.03::pcristiano;PSBE;OP_124
124;C1.03.02.02.03::pcristiano;PSBE;OP_125
124;C1.03.02.02.03::pcristiano;PSBE;OP_126
124;C1.03.02.02.03::pcristiano;PSBE;OP_127
124;C1.03.02.02.03::pcristiano;PSBE;OP_128
125;C1.03.02.02.04::falekson;PSBE;OP_129
125;C1.03.02.02.04::falekson;PSBE;OP_130
125;C1.03.02.02.04::falekson;PSBE;OP_131
125;C1.03.02.02.04::falekson;PSBE;OP_132
126;C1.03.02.02.04::psboper;PSBE;
127;C1.03.02.02.01.01::cpaula;PSBE;
128;C1.03.02.02.04.01::maline;PSBE;OP_133
128;C1.03.02.02.04.01::maline;PSBE;OP_134
128;C1.03.02.02.04.01::maline;PSBE;OP_135
129;C1.03.10.18::shudson;PSBE;OP_119
129;C1.03.10.18::shudson;PSBE;OP_120
129;C1.03.10.18::shudson;PSBE;OP_121
129;C1.03.10.18::shudson;PSBE;OP_122
129;C1.03.10.18::shudson;PSBE;OP_123
130;C1.03.10.43::ccamila;PSBE;OP_192
130;C1.03.10.43::ccamila;PSBE;OP_193
130;C1.03.10.43::ccamila;PSBE;OP_194
130;C1.03.10.43::ccamila;PSBE;OP_195
130;C1.03.10.43::ccamila;PSBE;OP_196
131;C1.03.02.03::vgerm;PSBE;
132;C1.03.02.05::dgislaine;PSBE;GEST_038
132;C1.03.02.05::dgislaine;PSBE;GEST_039
132;C1.03.02.05::dgislaine;PSBE;GEST_307
132;C1.03.02.05::dgislaine;PSBE;GEST_297
132;C1.03.02.05::dgislaine;PSBE;GEST_298
133;C1.03.02.01.01.01::smarcus;PSBE;
134;C1.03.02.01.01.01::OP001omike;PSBE;
135;C1.03.02.01.01.01::lmrafael;PSBE;GEST_237
135;C1.03.02.01.01.01::lmrafael;PSBE;GEST_238
135;C1.03.02.01.01.01::lmrafael;PSBE;GEST_239
135;C1.03.02.01.01.01::lmrafael;PSBE;GEST_240
136;C1.03.02.01.01.03::ngrazielly;PSBE;GEST_232
136;C1.03.02.01.01.03::ngrazielly;PSBE;GEST_233
136;C1.03.02.01.01.03::ngrazielly;PSBE;GEST_234
136;C1.03.02.01.01.03::ngrazielly;PSBE;GEST_235
136;C1.03.02.01.01.03::ngrazielly;PSBE;GEST_236
137;C1.03.02.01.01.03::fheitor;PSBE;
138;C1.03.02.01.01.03::asandra;PSBE;
139;C1.03.02.01.01.03::rwallace;PSBE;
140;C1.03.02.01.01.10.01::ccarla;PSBE;GEST_194
140;C1.03.02.01.01.10.01::ccarla;PSBE;GEST_195
140;C1.03.02.01.01.10.01::ccarla;PSBE;GEST_196
140;C1.03.02.01.01.10.01::ccarla;PSBE;GEST_197
141;C1.03.10.33::cdaniel;PSBE;GEST_198
141;C1.03.10.33::cdaniel;PSBE;GEST_199
141;C1.03.10.33::cdaniel;PSBE;GEST_200
142;C1.03.02.03.01::slaura;PSBE;
143;C1.03.02.03.01::vago59;PSBE;
144;C1.03.02.03.01::mdeborah;PSBE;MKT_028
144;C1.03.02.03.01::mdeborah;PSBE;MKT_026
144;C1.03.02.03.01::mdeborah;PSBE;MKT_027
144;C1.03.02.03.01::mdeborah;PSBE;MKT_029
144;C1.03.02.03.01::mdeborah;PSBE;MKT_030
145;C1.03.02.03.01.01::gpatrick;PSBE;MKT_031
145;C1.03.02.03.01.01::gpatrick;PSBE;MKT_032
145;C1.03.02.03.01.01::gpatrick;PSBE;MKT_033
145;C1.03.02.03.01.01::gpatrick;PSBE;MKT_034
146;C1.03.02.03.01.02::vbruna;PSBE;
147;C1.03.02.03.01.02::fpatricia;PSBE;
148;C1.03.03::sacharles;PNSN;GEST_098
148;C1.03.03::sacharles;PNSN;GEST_099
148;C1.03.03::sacharles;PNSN;GEST_101
148;C1.03.03::sacharles;PNSN;GEST_102
148;C1.03.03::sacharles;PNSN;GEST_103
148;C1.03.03::sacharles;PNSN;GEST_332
149;C1.03.03.02::mcristiano;PNSN;OP_064
149;C1.03.03.02::mcristiano;PNSN;OP_065
149;C1.03.03.02::mcristiano;PNSN;OP_066
149;C1.03.03.02::mcristiano;PNSN;OP_067
149;C1.03.03.02::mcristiano;PNSN;OP_068
149;C1.03.03.02::mcristiano;PNSN;OP_069
150;C1.03.03.02.03.02::sacamila;PNSN;
151;C1.03.03.02.03.02::ocarla;PNSN;
152;C1.03.03.02.03.02::rmaria;PNSN;OP_080
152;C1.03.03.02.03.02::rmaria;PNSN;OP_081
152;C1.03.03.02.03.02::rmaria;PNSN;OP_082
152;C1.03.03.02.03.02::rmaria;PNSN;OP_083
153;C1.03.03.02.01::vago14;PNSN;
154;C1.03.03.02.01.01::nthayana;PNSN;
155;C1.03.03.02.02::valdir.pereira;PNSN;OP_070
155;C1.03.03.02.02::valdir.pereira;PNSN;OP_071
155;C1.03.03.02.02::valdir.pereira;PNSN;OP_072
155;C1.03.03.02.02::valdir.pereira;PNSN;OP_073
155;C1.03.03.02.02::valdir.pereira;PNSN;OP_074
156;C1.03.03.02.03::njose;PNSN;
157;C1.03.03.02.03::eli.souza;PNSN;OP_075
157;C1.03.03.02.03::eli.souza;PNSN;OP_076
157;C1.03.03.02.03::eli.souza;PNSN;OP_077
157;C1.03.03.02.03::eli.souza;PNSN;OP_078
157;C1.03.03.02.03::eli.souza;PNSN;OP_079
158;C1.03.03.02.03.03::valmoxarife;PNSN;
159;C1.03.03.02.03.03::semarcio;PNSN;
160;C1.03.03.09::swellington;PNSN;OP_278
160;C1.03.03.09::swellington;PNSN;OP_279
160;C1.03.03.09::swellington;PNSN;OP_280
160;C1.03.03.09::swellington;PNSN;OP_281
160;C1.03.03.09::swellington;PNSN;OP_282
161;C1.03.10.08::smarcio;PNSN;OP_084
161;C1.03.10.08::smarcio;PNSN;OP_085
161;C1.03.10.08::smarcio;PNSN;OP_086
162;C1.03.03.01::wdenise;PNSN;
163;C1.03.03.01::smoises;PNSN;
164;C1.03.03.01::vgleyson;PNSN;
165;C1.03.03.01::jvander;PNSN;
166;C1.03.03.01.01.01::cnjonathan;PNSN;
167;C1.03.03.01.01.01::fmozane;PNSN;
168;C1.03.03.01.01.02::OPEX;PNSN;
169;C1.03.03.01.01.02::stiago;PNSN;
170;C1.03.03.01.01.03::nluzimeyre;PNSN;
171;C1.03.03.01.01.03::OP003sthayse;PNSN;
172;C1.03.03.03::vago17;PNSN;
173;C1.03.10.31::lmarcelo;PNSN;GEST_105
173;C1.03.10.31::lmarcelo;PNSN;GEST_106
173;C1.03.10.31::lmarcelo;PNSN;GEST_107
173;C1.03.10.31::lmarcelo;PNSN;GEST_281
173;C1.03.10.31::lmarcelo;PNSN;GEST_282
174;C1.04.10::tjorge;PNSN;GEST_117
174;C1.04.10::tjorge;PNSN;GEST_118
174;C1.04.10::tjorge;PNSN;GEST_119
175;C1.04.26::joseb;PNSN;GEST_227
175;C1.04.26::joseb;PNSN;GEST_228
175;C1.04.26::joseb;PNSN;GEST_229
175;C1.04.26::joseb;PNSN;GEST_230
175;C1.04.26::joseb;PNSN;GEST_231
176;C1.04.09::leticia.caldas;PNSN;GEST_113
176;C1.04.09::leticia.caldas;PNSN;GEST_114
176;C1.04.09::leticia.caldas;PNSN;GEST_115
176;C1.04.09::leticia.caldas;PNSN;GEST_116
177;C1.03.03.01.02.01::pamanda;PNSN;
178;C1.03.03.01.02.01::sgracileide;PNSN;GEST_109
178;C1.03.03.01.02.01::sgracileide;PNSN;GEST_110
178;C1.03.03.01.02.01::sgracileide;PNSN;GEST_111
178;C1.03.03.01.02.01::sgracileide;PNSN;GEST_112
179;C1.03.03.01.02.01::olarissa;PNSN;
180;C1.03.03.03.01::celisangela;PNSN;MKT_064
180;C1.03.03.03.01::celisangela;PNSN;MKT_062
180;C1.03.03.03.01::celisangela;PNSN;MKT_063
180;C1.03.03.03.01::celisangela;PNSN;MKT_065
180;C1.03.03.03.01::celisangela;PNSN;MKT_066
181;C1.03.03.03.01.02::smichelle;PNSN;
182;C1.03.03.03.01.01::vfladja;PNSN;
183;C1.03.03.03.01.01::rkarla;PNSN;
184;C1.03.03.03.01.01::OP001smichelle;PNSN;
185;C1.03.09.11::bmaria;PNSN;MKT_155
185;C1.03.09.11::bmaria;PNSN;MKT_156
185;C1.03.09.11::bmaria;PNSN;MKT_157
185;C1.03.09.11::bmaria;PNSN;MKT_158
186;C1.03.04::farlindo;PSCG;
187;C1.03.04::swagner;PSCG;GEST_074
187;C1.03.04::swagner;PSCG;GEST_075
187;C1.03.04::swagner;PSCG;GEST_077
187;C1.03.04::swagner;PSCG;GEST_078
187;C1.03.04::swagner;PSCG;GEST_079
187;C1.03.04::swagner;PSCG;GEST_322
188;C1.03.04.02::vcristiano;PSCG;OP_020
188;C1.03.04.02::vcristiano;PSCG;OP_021
188;C1.03.04.02::vcristiano;PSCG;OP_022
188;C1.03.04.02::vcristiano;PSCG;OP_023
188;C1.03.04.02::vcristiano;PSCG;OP_024
188;C1.03.04.02::vcristiano;PSCG;OP_025
189;C1.03.04.02::gluiz;PSCG;
190;C1.03.04.02.03.03::bjonathas;PSCG;
191;C1.03.04.02.03.03::prayk;PSCG;
192;C1.03.04.02.01::vago25;PSCG;
193;C1.03.04.02.01::bbruno;PSCG;OP_026
193;C1.03.04.02.01::bbruno;PSCG;OP_027
193;C1.03.04.02.01::bbruno;PSCG;OP_028
193;C1.03.04.02.01::bbruno;PSCG;OP_029
193;C1.03.04.02.01::bbruno;PSCG;OP_030
194;C1.03.04.02.02::falaor;PSCG;
195;C1.03.04.02.02::sanderson;PSCG;
196;C1.03.04.02.02::tcassyo;PSCG;
197;C1.03.04.02.02::bfabio;PSCG;
198;C1.03.04.02.02::sgilliard;PSCG;
199;C1.03.04.02.02::shenrique;PSCG;
200;C1.03.04.02.02::ajairqueles;PSCG;
201;C1.03.04.02.02::fjean;PSCG;
202;C1.03.04.02.02::bjoelson;PSCG;
203;C1.03.04.02.02::cjonathan;PSCG;
204;C1.03.04.02.02::srjose;PSCG;
205;C1.03.04.02.02::dmagno;PSCG;OP_031
205;C1.03.04.02.02::dmagno;PSCG;OP_032
205;C1.03.04.02.02::dmagno;PSCG;OP_033
205;C1.03.04.02.02::dmagno;PSCG;OP_034
205;C1.03.04.02.02::dmagno;PSCG;OP_035
206;C1.03.04.02.02::rmaricelio;PSCG;
207;C1.03.04.02.02::smatteus;PSCG;
208;C1.03.04.02.02::crafael;PSCG;
209;C1.03.04.02.02::srthiago;PSCG;
210;C1.03.04.02.03::bjacob;PSCG;
211;C1.03.04.02.01.01::vqualidade;PSCG;
212;C1.03.04.02.03.02::vago.pscg1;PSCG;
213;C1.03.04.02.03.02::OP001edimilson.cg;PSCG;
214;C1.03.10.03::lrayk;PSCG;OP_036
214;C1.03.10.03::lrayk;PSCG;OP_037
214;C1.03.10.03::lrayk;PSCG;OP_038
214;C1.03.10.03::lrayk;PSCG;OP_039
215;C1.03.04.09::mfrancisco;PSCG;OP_273
215;C1.03.04.09::mfrancisco;PSCG;OP_274
215;C1.03.04.09::mfrancisco;PSCG;OP_275
215;C1.03.04.09::mfrancisco;PSCG;OP_276
215;C1.03.04.09::mfrancisco;PSCG;OP_277
216;C1.03.04.01::pleandro;PSCG;GEST_081
216;C1.03.04.01::pleandro;PSCG;GEST_082
216;C1.03.04.01::pleandro;PSCG;GEST_083
216;C1.03.04.01::pleandro;PSCG;GEST_287
216;C1.03.04.01::pleandro;PSCG;GEST_288
217;C1.03.04.01.01::OP001calana;PSCG;
218;C1.03.04.01.01.05::vagoaaa;PSCG;
219;C1.03.04.01.02::berenata;PSCG;
220;C1.03.04.01.02.01::odanilo;PSCG;
221;C1.03.04.01.02.02::vago86;PSCG;
222;C1.03.04.01.02.02.01::vago21;PSCG;
223;C1.03.04.01.01.04::acyntia;PSCG;GEST_094
223;C1.03.04.01.01.04::acyntia;PSCG;GEST_095
223;C1.03.04.01.01.04::acyntia;PSCG;GEST_096
223;C1.03.04.01.01.04::acyntia;PSCG;GEST_097
224;C1.03.04.01.01.04::ojessica;PSCG;
225;C1.03.04.01.01.04::fmaria;PSCG;
226;C1.03.04.01.01.01::spriscila;PSCG;GEST_047
226;C1.03.04.01.01.01::spriscila;PSCG;GEST_054
226;C1.03.04.01.01.01::spriscila;PSCG;GEST_076
227;C1.03.04.01.01.02::cjane;PSCG;GEST_085
227;C1.03.04.01.01.02::cjane;PSCG;GEST_086
227;C1.03.04.01.01.02::cjane;PSCG;GEST_087
227;C1.03.04.01.01.02::cjane;PSCG;GEST_088
228;C1.03.04.01.01.02::OP001vago69;PSCG;
229;C1.04.35::ssroberta;PSCG;GEST_089
229;C1.04.35::ssroberta;PSCG;GEST_090
229;C1.04.35::ssroberta;PSCG;GEST_091
229;C1.04.35::ssroberta;PSCG;GEST_092
229;C1.04.35::ssroberta;PSCG;GEST_093
230;C1.03.04.03.01.02::OP001aclara;PSCG;
231;C1.03.04.03::mclaudia;PSCG;MKT_069
231;C1.03.04.03::mclaudia;PSCG;MKT_067
231;C1.03.04.03::mclaudia;PSCG;MKT_068
231;C1.03.04.03::mclaudia;PSCG;MKT_070
231;C1.03.04.03::mclaudia;PSCG;MKT_071
232;C1.03.04.03::broberta;PSCG;
233;C1.03.04.03.01.01::fgabriella;PSCG;
234;C1.03.04.03.01.01::bielison;PSCG;
235;C1.03.04.03.01.01::btslucas;PSCG;MKT_072
235;C1.03.04.03.01.01::btslucas;PSCG;MKT_073
235;C1.03.04.03.01.01::btslucas;PSCG;MKT_074
235;C1.03.04.03.01.01::btslucas;PSCG;MKT_075
236;C1.04.36::OP001jcelso;PSRG;
237;C1.04.36::rpatricia;PSRG;GEST_100
237;C1.04.36::rpatricia;PSRG;GEST_108
237;C1.04.36::rpatricia;PSRG;GEST_123
237;C1.04.36::rpatricia;PSRG;GEST_201
237;C1.04.36::rpatricia;PSRG;GEST_202
237;C1.04.36::rpatricia;PSRG;GEST_335
238;C1.03.07.02::srcamila;PSRG;
239;C1.03.07.02::carlosbunde;PSRG;OP_156
239;C1.03.07.02::carlosbunde;PSRG;OP_157
239;C1.03.07.02::carlosbunde;PSRG;OP_158
239;C1.03.07.02::carlosbunde;PSRG;OP_159
239;C1.03.07.02::carlosbunde;PSRG;OP_160
239;C1.03.07.02::carlosbunde;PSRG;OP_161
240;C1.03.07.02::vgerentevago;PSRG;
241;C1.03.07.02::GerentedeOperacoes-PSRG-vago;PSRG;
242;C1.03.07.02::OP001srcamila;PSRG;
243;C1.03.07.02.01::vago.psrg2;PSRG;
244;C1.03.07.02.01::OP001ebenavenuto;PSRG;
245;C1.03.07.02.01.01::pisadora;PSRG;
246;C1.03.07.02.02::bracarlos;PSRG;
247;C1.03.07.02.02::fkleison;PSRG;
248;C1.03.07.02.02::subiratan;PSRG;
249;C1.03.07.02.03::salan;PSRG;
250;C1.03.07.02.03::christianmoura;PSRG;
251;C1.03.07.02.03::aalencar;PSRG;
252;C1.03.07.02.03::lleonardo;PSRG;OP_162
252;C1.03.07.02.03::lleonardo;PSRG;OP_163
252;C1.03.07.02.03::lleonardo;PSRG;OP_164
252;C1.03.07.02.03::lleonardo;PSRG;OP_165
252;C1.03.07.02.03::lleonardo;PSRG;OP_166
253;C1.03.07.02.03::bsilvia;PSRG;OP_168
254;C1.03.07.02.03.03::vago.psrg;PSRG;
255;C1.03.07.02.03.03::OP001balvaro;PSRG;
256;C1.03.07.02.04::madriana;PSRG;
257;C1.03.07.02.03.02::fgiovani;PSRG;
258;C1.03.07.02.03.02::OP001vago74;PSRG;
259;C1.03.07.15::gjose;PSRG;OP_313
259;C1.03.07.15::gjose;PSRG;OP_314
259;C1.03.07.15::gjose;PSRG;OP_315
259;C1.03.07.15::gjose;PSRG;OP_316
260;C1.03.07.17::lmario;PSRG;OP_308
260;C1.03.07.17::lmario;PSRG;OP_309
260;C1.03.07.17::lmario;PSRG;OP_310
260;C1.03.07.17::lmario;PSRG;OP_311
260;C1.03.07.17::lmario;PSRG;OP_312
261;C1.03.07.18::bsilvia;PSRG;OP_169
261;C1.03.07.18::bsilvia;PSRG;OP_170
262;C1.03.07.01.01.02::vago75;PSRG;
263;C1.03.07.01.01.04::pariadni;PSRG;
264;C1.03.07.03.01::sadriene;PSRG;MKT_046
264;C1.03.07.03.01::sadriene;PSRG;MKT_044
264;C1.03.07.03.01::sadriene;PSRG;MKT_045
264;C1.03.07.03.01::sadriene;PSRG;MKT_047
264;C1.03.07.03.01::sadriene;PSRG;MKT_048
265;C1.03.07.03.01::vago58;PSRG;
266;C1.03.07.03.01.01::OP001vago_200;PSRG;
267;C1.03.07.03.01.02::vago56;PSRG;
268;C1.03.07.03.01.02::bkaren;PSRG;MKT_049
268;C1.03.07.03.01.02::bkaren;PSRG;MKT_050
268;C1.03.07.03.01.02::bkaren;PSRG;MKT_051
268;C1.03.07.03.01.02::bkaren;PSRG;MKT_052
269;C1.03.07.01.01.10::balexsandro;PSRG;GEST_203
269;C1.03.07.01.01.10::balexsandro;PSRG;GEST_204
269;C1.03.07.01.01.10::balexsandro;PSRG;GEST_205
269;C1.03.07.01.01.10::balexsandro;PSRG;GEST_206
270;C1.03.07.01.01.10::vago;PSRG;
271;C1.03.07.01.01.03::vago76;PSRG;
272;C1.03.07.01.01.03::jbruna;PSRG;GEST_208
272;C1.03.07.01.01.03::jbruna;PSRG;GEST_209
272;C1.03.07.01.01.03::jbruna;PSRG;GEST_218
272;C1.03.07.01.01.03::jbruna;PSRG;GEST_223
272;C1.03.07.01.01.03::jbruna;PSRG;GEST_226
273;C1.03.07.01.01.01::mmaria;PSRG;
274;C1.03.07.01.01.01::ljennifer;PSRG;GEST_266
274;C1.03.07.01.01.01::ljennifer;PSRG;GEST_267
274;C1.03.07.01.01.01::ljennifer;PSRG;GEST_268
274;C1.03.07.01.01.01::ljennifer;PSRG;GEST_269
275;C1.03.07.01.01.01::oslarissa;PSRG;
276;C1.03.05::cthiago;PSMO;GEST_139
276;C1.03.05::cthiago;PSMO;GEST_142
276;C1.03.05::cthiago;PSMO;GEST_143
276;C1.03.05::cthiago;PSMO;GEST_144
276;C1.03.05::cthiago;PSMO;GEST_145
276;C1.03.05::cthiago;PSMO;GEST_146
276;C1.03.05::cthiago;PSMO;GEST_341
277;C1.03.05.02::fcauly;PSMO;
278;C1.03.05.02::fccauly;PSMO;
279;C1.03.05.02::sronin;PSMO;OP_001
279;C1.03.05.02::sronin;PSMO;OP_002
279;C1.03.05.02::sronin;PSMO;OP_003
279;C1.03.05.02::sronin;PSMO;OP_004
279;C1.03.05.02::sronin;PSMO;OP_005
279;C1.03.05.02::sronin;PSMO;OP_006
280;C1.03.05.02.02::ogenilson;PSMO;
281;C1.03.05.02.02::mjhonson;PSMO;
282;C1.03.05.02.02::akarlo;PSMO;OP_007
282;C1.03.05.02.02::akarlo;PSMO;OP_009
282;C1.03.05.02.02::akarlo;PSMO;OP_010
282;C1.03.05.02.02::akarlo;PSMO;OP_011
282;C1.03.05.02.02::akarlo;PSMO;OP_008
283;C1.03.05.02.02::crrafael;PSMO;
284;C1.03.05.02.03::cmanutencao;PSMO;
285;C1.03.10.01::valan;PSMO;
286;C1.03.10.01::vallan;PSMO;OP_012
286;C1.03.10.01::vallan;PSMO;OP_013
286;C1.03.10.01::vallan;PSMO;OP_014
286;C1.03.10.01::vallan;PSMO;OP_015
286;C1.03.10.01::vallan;PSMO;OP_016
287;C1.03.05.10::dsWesllianny;PSMO;OP_283
287;C1.03.05.10::dsWesllianny;PSMO;OP_284
287;C1.03.05.10::dsWesllianny;PSMO;OP_285
287;C1.03.05.10::dsWesllianny;PSMO;OP_286
287;C1.03.05.10::dsWesllianny;PSMO;OP_287
288;C1.03.10.70::OP001teste123;PSMO;
289;C1.03.05.01::sdeyse;PSMO;GEST_147
289;C1.03.05.01::sdeyse;PSMO;GEST_148
289;C1.03.05.01::sdeyse;PSMO;GEST_149
289;C1.03.05.01::sdeyse;PSMO;GEST_293
289;C1.03.05.01::sdeyse;PSMO;GEST_294
290;C1.03.05.01.02::vago32;PSMO;
291;C1.03.05.01.01::vago100;PSMO;
292;C1.03.05.01.01.05::selizabeth;PSMO;
293;C1.03.05.01.01.09::sroberta;PSMO;
294;C1.03.05.01.01.09.01::vago31;PSMO;
295;C1.03.05.01.01.10::vago234;PSMO;
296;C1.03.05.01.01.04::rcleidiani;PSMO;
297;C1.03.05.01.01.05.02::phosana;PSMO;GEST_155
297;C1.03.05.01.01.05.02::phosana;PSMO;GEST_156
297;C1.03.05.01.01.05.02::phosana;PSMO;GEST_157
297;C1.03.05.01.01.05.02::phosana;PSMO;GEST_158
298;C1.03.05.01.01.05.02::OP001elizabeth.mo;PSMO;
299;C1.03.05.01.01.01::cdaniella;PSMO;GEST_151
299;C1.03.05.01.01.01::cdaniella;PSMO;GEST_152
299;C1.03.05.01.01.01::cdaniella;PSMO;GEST_153
299;C1.03.05.01.01.01::cdaniella;PSMO;GEST_154
300;C1.03.05.01.01.03::nestefania;PSMO;
301;C1.03.05.01.01.03::lozeana;PSMO;GEST_248
301;C1.03.05.01.01.03::lozeana;PSMO;GEST_249
301;C1.03.05.01.01.03::lozeana;PSMO;GEST_250
301;C1.03.05.01.01.03::lozeana;PSMO;GEST_251
301;C1.03.05.01.01.03::lozeana;PSMO;GEST_252
302;C1.03.05.01.01.02::nana;PSMO;GEST_159
302;C1.03.05.01.01.02::nana;PSMO;GEST_160
302;C1.03.05.01.01.02::nana;PSMO;GEST_161
303;C1.03.05.03.01::aclara;PSMO;MKT_078
303;C1.03.05.03.01::aclara;PSMO;MKT_076
303;C1.03.05.03.01::aclara;PSMO;MKT_077
303;C1.03.05.03.01::aclara;PSMO;MKT_079
303;C1.03.05.03.01::aclara;PSMO;MKT_080
304;C1.03.05.03.01.01::sgleicy;PSMO;MKT_081
304;C1.03.05.03.01.01::sgleicy;PSMO;MKT_082
304;C1.03.05.03.01.01::sgleicy;PSMO;MKT_083
304;C1.03.05.03.01.01::sgleicy;PSMO;MKT_084
305;C1.03.05.03.01.02::vagocom;PSMO;
306;C1.03.05.03.01.01.01::sgleicy;PSMO;
307;C1.03.06::mantonio;PSPA;
308;C1.03.06::ohudalet;PSPA;GEST_023
308;C1.03.06::ohudalet;PSPA;GEST_026
308;C1.03.06::ohudalet;PSPA;GEST_027
308;C1.03.06::ohudalet;PSPA;GEST_028
308;C1.03.06::ohudalet;PSPA;GEST_302
308;C1.03.06::ohudalet;PSPA;GEST_329
309;C1.03.06.01::VAGOcfelipe;PSPA;GEST_303
309;C1.03.06.01::VAGOcfelipe;PSPA;GEST_304
309;C1.03.06.01::VAGOcfelipe;PSPA;GEST_305
309;C1.03.06.01::VAGOcfelipe;PSPA;GEST_291
309;C1.03.06.01::VAGOcfelipe;PSPA;GEST_292
310;C1.03.06.01.01::cmthais;PSPA;
311;C1.03.06.01.01::sothiago;PSPA;
312;C1.03.06.01.02.01::OP001lerika;PSPA;
313;C1.03.06.01.02.01::aspedro;PSPA;GEST_033
313;C1.03.06.01.02.01::aspedro;PSPA;GEST_034
313;C1.03.06.01.02.01::aspedro;PSPA;GEST_035
313;C1.03.06.01.02.01::aspedro;PSPA;GEST_036
314;C1.03.06.01.01.02::bvmarcos;PSPA;GEST_029
314;C1.03.06.01.01.02::bvmarcos;PSPA;GEST_030
314;C1.03.06.01.01.02::bvmarcos;PSPA;GEST_031
314;C1.03.06.01.01.02::bvmarcos;PSPA;GEST_032
315;C1.03.06.01.01.03::rlaelia;PSPA;
316;C1.03.06.01.01.03::fudilson;PSPA;GEST_253
316;C1.03.06.01.01.03::fudilson;PSPA;GEST_254
316;C1.03.06.01.01.03::fudilson;PSPA;GEST_255
316;C1.03.06.01.01.03::fudilson;PSPA;GEST_256
316;C1.03.06.01.01.03::fudilson;PSPA;GEST_257
317;C1.03.06.01.01.05::vago36;PSPA;
318;C1.03.06.10::VAGObrafael;PSPA;GEST_350
318;C1.03.06.10::VAGObrafael;PSPA;GEST_351
318;C1.03.06.10::VAGObrafael;PSPA;GEST_352
319;C1.03.06.03::vago49;PSPA;
320;C1.03.06.02::sjclovis;PSPA;OP_087
320;C1.03.06.02::sjclovis;PSPA;OP_088
320;C1.03.06.02::sjclovis;PSPA;OP_089
320;C1.03.06.02::sjclovis;PSPA;OP_090
320;C1.03.06.02::sjclovis;PSPA;OP_091
320;C1.03.06.02::sjclovis;PSPA;OP_092
321;C1.03.06.02.01::vago44;PSPA;
322;C1.03.06.02.01.01::vago43;PSPA;
323;C1.03.06.02.02::sspaulo;PSPA;OP_093
323;C1.03.06.02.02::sspaulo;PSPA;OP_094
323;C1.03.06.02.02::sspaulo;PSPA;OP_095
323;C1.03.06.02.02::sspaulo;PSPA;OP_096
323;C1.03.06.02.02::sspaulo;PSPA;OP_097
324;C1.03.06.02.03::CoordenadorPSP;PSPA;
325;C1.03.06.02.03::sgleison;PSPA;OP_098
325;C1.03.06.02.03::sgleison;PSPA;OP_099
325;C1.03.06.02.03::sgleison;PSPA;OP_100
325;C1.03.06.02.03::sgleison;PSPA;OP_101
325;C1.03.06.02.03::sgleison;PSPA;OP_102
326;C1.03.06.02.03.02::vago46;PSPA;
327;C1.03.06.02.03.03::vago.psp1;PSPA;
328;C1.03.06.02.03.03::OP001ssara;PSPA;
329;C1.03.06.09::bfernando;PSPA;OP_298
329;C1.03.06.09::bfernando;PSPA;OP_299
329;C1.03.06.09::bfernando;PSPA;OP_300
329;C1.03.06.09::bfernando;PSPA;OP_301
329;C1.03.06.09::bfernando;PSPA;OP_302
330;C1.03.25::fabiola.ramos;PSPA;MKT_096
330;C1.03.25::fabiola.ramos;PSPA;MKT_094
330;C1.03.25::fabiola.ramos;PSPA;MKT_095
330;C1.03.25::fabiola.ramos;PSPA;MKT_097
330;C1.03.25::fabiola.ramos;PSPA;MKT_098
331;C1.03.06.03.01.01.02::laline;PSPA;
332;C1.03.06.03.01.01.02::slarisse;PSPA;MKT_099
332;C1.03.06.03.01.01.02::slarisse;PSPA;MKT_100
332;C1.03.06.03.01.01.02::slarisse;PSPA;MKT_101
332;C1.03.06.03.01.01.02::slarisse;PSPA;MKT_102
333;C1.03.06.03.01.01.02::pnatalia;PSPA;
334;C1.03.06.03.01.01.02::OP001laline;PSPA;
335;C1.03.09::csdennison;PSPC;GEST_037
335;C1.03.09::csdennison;PSPC;GEST_040
335;C1.03.09::csdennison;PSPC;GEST_041
335;C1.03.09::csdennison;PSPC;GEST_043
335;C1.03.09::csdennison;PSPC;GEST_330
335;C1.03.09::csdennison;PSPC;GEST_042
336;C1.03.09.01::rlilian;Partage_ADM;
337;C1.03.09.04::rpriscilla;PSPC;GEST_044
337;C1.03.09.04::rpriscilla;PSPC;GEST_045
337;C1.03.09.04::rpriscilla;PSPC;GEST_046
337;C1.03.09.04::rpriscilla;PSPC;GEST_283
337;C1.03.09.04::rpriscilla;PSPC;GEST_284
338;C1.03.09.01.01::gpaloma;PSPC;GEST_261
338;C1.03.09.01.01::gpaloma;PSPC;GEST_262
338;C1.03.09.01.01::gpaloma;PSPC;GEST_263
338;C1.03.09.01.01::gpaloma;PSPC;GEST_264
338;C1.03.09.01.01::gpaloma;PSPC;GEST_265
339;C1.03.09.01.02::apspc;PSPC;
340;C1.03.09.01.02::mgleicce;PSPC;
341;C1.03.09.01.02::grafaela;PSPC;GEST_048
341;C1.03.09.01.02::grafaela;PSPC;GEST_049
341;C1.03.09.01.02::grafaela;PSPC;GEST_050
341;C1.03.09.01.02::grafaela;PSPC;GEST_051
342;C1.03.09.01.03::mlucas;PSPC;GEST_346
342;C1.03.09.01.03::mlucas;PSPC;GEST_347
342;C1.03.09.01.03::mlucas;PSPC;GEST_348
342;C1.03.09.01.03::mlucas;PSPC;GEST_349
343;C1.03.10.36::pfabio;PSPC;OP_136
343;C1.03.10.36::pfabio;PSPC;OP_137
343;C1.03.10.36::pfabio;PSPC;OP_138
343;C1.03.10.36::pfabio;PSPC;OP_139
343;C1.03.10.36::pfabio;PSPC;OP_140
343;C1.03.10.36::pfabio;PSPC;OP_141
344;C1.03.09.03.01::gdiogo;PSPC;OP_142
344;C1.03.09.03.01::gdiogo;PSPC;OP_143
344;C1.03.09.03.01::gdiogo;PSPC;OP_144
344;C1.03.09.03.01::gdiogo;PSPC;OP_145
344;C1.03.09.03.01::gdiogo;PSPC;OP_146
345;C1.03.10.28::rwaldeir;PSPC;OP_147
345;C1.03.10.28::rwaldeir;PSPC;OP_148
345;C1.03.10.28::rwaldeir;PSPC;OP_149
345;C1.03.10.28::rwaldeir;PSPC;OP_150
345;C1.03.10.28::rwaldeir;PSPC;OP_151
346;C1.03.10.29::crenata;PSPC;OP_152
346;C1.03.10.29::crenata;PSPC;OP_153
346;C1.03.10.29::crenata;PSPC;OP_154
346;C1.03.10.29::crenata;PSPC;OP_155
347;C1.03.10.20::saldemir;PSPC;OP_322
347;C1.03.10.20::saldemir;PSPC;OP_323
347;C1.03.10.20::saldemir;PSPC;OP_324
347;C1.03.10.20::saldemir;PSPC;OP_325
347;C1.03.10.20::saldemir;PSPC;OP_326
348;C1.03.09.12::hluis;PSPC;MKT_105
348;C1.03.09.12::hluis;PSPC;MKT_103
348;C1.03.09.12::hluis;PSPC;MKT_104
348;C1.03.09.12::hluis;PSPC;MKT_106
348;C1.03.09.12::hluis;PSPC;MKT_107
348;C1.03.09.12::hluis;PSPC;MKT_159
348;C1.03.09.12::hluis;PSPC;MKT_160
348;C1.03.09.12::hluis;PSPC;MKT_161
348;C1.03.09.12::hluis;PSPC;MKT_162
349;C1.03.08::feverson;PSMA;GEST_052
349;C1.03.08::feverson;PSMA;GEST_053
349;C1.03.08::feverson;PSMA;GEST_055
349;C1.03.08::feverson;PSMA;GEST_056
349;C1.03.08::feverson;PSMA;GEST_057
349;C1.03.08::feverson;PSMA;GEST_331
350;C1.03.08.01::vago.philario;PSMA;GEST_059
350;C1.03.08.01::vago.philario;PSMA;GEST_060
350;C1.03.08.01::vago.philario;PSMA;GEST_061
350;C1.03.08.01::vago.philario;PSMA;GEST_299
350;C1.03.08.01::vago.philario;PSMA;GEST_300
351;C1.03.08.01.01::rrauberth;PSMA;GEST_244
351;C1.03.08.01.01::rrauberth;PSMA;GEST_245
351;C1.03.08.01.01::rrauberth;PSMA;GEST_246
351;C1.03.08.01.01::rrauberth;PSMA;GEST_247
352;C1.03.08.01.02::llucilane;PSMA;GEST_071
352;C1.03.08.01.02::llucilane;PSMA;GEST_072
352;C1.03.08.01.02::llucilane;PSMA;GEST_073
353;C1.03.08.01.03::pernesto;PSMA;GEST_063
353;C1.03.08.01.03::pernesto;PSMA;GEST_064
353;C1.03.08.01.03::pernesto;PSMA;GEST_065
353;C1.03.08.01.03::pernesto;PSMA;GEST_066
354;C1.03.08.01.04::sanaluiza;PSMA;GEST_067
354;C1.03.08.01.04::sanaluiza;PSMA;GEST_068
354;C1.03.08.01.04::sanaluiza;PSMA;GEST_069
354;C1.03.08.01.04::sanaluiza;PSMA;GEST_070
355;C1.03.08.03::marcelino.trinidad;PSMA;OP_040
355;C1.03.08.03::marcelino.trinidad;PSMA;OP_041
355;C1.03.08.03::marcelino.trinidad;PSMA;OP_042
355;C1.03.08.03::marcelino.trinidad;PSMA;OP_043
355;C1.03.08.03::marcelino.trinidad;PSMA;OP_044
355;C1.03.08.03::marcelino.trinidad;PSMA;OP_045
356;C1.03.08.03.02::mheliomar;PSMA;OP_056
356;C1.03.08.03.02::mheliomar;PSMA;OP_057
356;C1.03.08.03.02::mheliomar;PSMA;OP_058
356;C1.03.08.03.02::mheliomar;PSMA;OP_059
356;C1.03.08.03.02::mheliomar;PSMA;OP_060
357;C1.03.10.05::aolivia;PSMA;OP_061
357;C1.03.10.05::aolivia;PSMA;OP_062
357;C1.03.10.05::aolivia;PSMA;OP_063
358;C1.03.10.09::jreginaldo;PSMA;OP_293
358;C1.03.10.09::jreginaldo;PSMA;OP_294
358;C1.03.10.09::jreginaldo;PSMA;OP_296
358;C1.03.10.09::jreginaldo;PSMA;OP_297
359;C1.03.08.03.01::felinelson;PSMA;OP_051
359;C1.03.08.03.01::felinelson;PSMA;OP_052
359;C1.03.08.03.01::felinelson;PSMA;OP_053
359;C1.03.08.03.01::felinelson;PSMA;OP_054
359;C1.03.08.03.01::felinelson;PSMA;OP_055
360;C1.03.10.06::aolivia;PSMA;OP_384
360;C1.03.10.06::aolivia;PSMA;OP_385
360;C1.03.10.06::aolivia;PSMA;OP_386
360;C1.03.10.06::aolivia;PSMA;OP_387
361;C1.03.08.02::smlourdes;PSMA;MKT_087
361;C1.03.08.02::smlourdes;PSMA;MKT_085
361;C1.03.08.02::smlourdes;PSMA;MKT_086
361;C1.03.08.02::smlourdes;PSMA;MKT_088
361;C1.03.08.02::smlourdes;PSMA;MKT_089
362;C1.03.08.02.01::amantonio;PSMA;
363;C1.03.08.02.01::fgiovanna;PSMA;MKT_090
363;C1.03.08.02.01::fgiovanna;PSMA;MKT_091
363;C1.03.08.02.01::fgiovanna;PSMA;MKT_092
363;C1.03.08.02.01::fgiovanna;PSMA;MKT_093
364;C1.03.10::cvanderlei;S3A;GEST_001
364;C1.03.10::cvanderlei;S3A;GEST_002
364;C1.03.10::cvanderlei;S3A;GEST_003
364;C1.03.10::cvanderlei;S3A;GEST_004
364;C1.03.10::cvanderlei;S3A;GEST_005
364;C1.03.10::cvanderlei;S3A;GEST_006
365;C1.03.10.2::vfabio;S3A;OP_103
365;C1.03.10.2::vfabio;S3A;OP_104
365;C1.03.10.2::vfabio;S3A;OP_105
365;C1.03.10.2::vfabio;S3A;OP_106
365;C1.03.10.2::vfabio;S3A;OP_107
365;C1.03.10.2::vfabio;S3A;OP_108
366;C1.03.10.2::OP001drosenilton;S3A;
367;C1.03.10.2.1::ntito;S3A;
368;C1.03.10.16::onathanael;S3A;OP_109
368;C1.03.10.16::onathanael;S3A;OP_110
368;C1.03.10.16::onathanael;S3A;OP_111
369;C1.03.10.13::maykon.antunes;S3A;OP_317
369;C1.03.10.13::maykon.antunes;S3A;OP_318
369;C1.03.10.13::maykon.antunes;S3A;OP_320
369;C1.03.10.13::maykon.antunes;S3A;OP_321
370;C1.03.10.11::balesson;S3A;OP_327
370;C1.03.10.11::balesson;S3A;OP_328
370;C1.03.10.11::balesson;S3A;OP_329
370;C1.03.10.11::balesson;S3A;OP_330
371;C1.03.10.14::landre;S3A;OP_332
371;C1.03.10.14::landre;S3A;OP_333
371;C1.03.10.14::landre;S3A;OP_334
371;C1.03.10.14::landre;S3A;OP_335
372;C1.03.10.15::dpaula;S3A;OP_337
372;C1.03.10.15::dpaula;S3A;OP_338
372;C1.03.10.15::dpaula;S3A;OP_339
372;C1.03.10.15::dpaula;S3A;OP_341
373;C1.03.10.1::hana;S3A;GEST_008
373;C1.03.10.1::hana;S3A;GEST_009
373;C1.03.10.1::hana;S3A;GEST_010
373;C1.03.10.1::hana;S3A;GEST_295
373;C1.03.10.1::hana;S3A;GEST_296
374;C1.03.10.1.1::slucineia;S3A;GEST_016
374;C1.03.10.1.1::slucineia;S3A;GEST_017
374;C1.03.10.1.1::slucineia;S3A;GEST_018
374;C1.03.10.1.1::slucineia;S3A;GEST_019
375;C1.03.10.1.3::arafael;S3A;GEST_012
375;C1.03.10.1.3::arafael;S3A;GEST_013
375;C1.03.10.1.3::arafael;S3A;GEST_014
375;C1.03.10.1.3::arafael;S3A;GEST_015
376;C1.03.10.30::rjanaina;S3A;GEST_020
376;C1.03.10.30::rjanaina;S3A;GEST_021
376;C1.03.10.30::rjanaina;S3A;GEST_022
377;C1.04.11::dmilena;PSAR;GEST_120
377;C1.04.11::dmilena;PSAR;GEST_121
377;C1.04.11::dmilena;PSAR;GEST_122
377;C1.04.11::dmilena;PSAR;GEST_124
377;C1.04.11::dmilena;PSAR;GEST_125
377;C1.04.11::dmilena;PSAR;GEST_333
378;C1.03.05.02.03.02::mandre;PSAR;OP_202
378;C1.03.05.02.03.02::mandre;PSAR;OP_203
378;C1.03.05.02.03.02::mandre;PSAR;OP_204
378;C1.03.05.02.03.02::mandre;PSAR;OP_205
378;C1.03.05.02.03.02::mandre;PSAR;OP_206
378;C1.03.05.02.03.02::mandre;PSAR;OP_207
379;C1.03.10.37::aarlei;PSAR;OP_208
379;C1.03.10.37::aarlei;PSAR;OP_209
379;C1.03.10.37::aarlei;PSAR;OP_210
379;C1.03.10.37::aarlei;PSAR;OP_211
379;C1.03.10.37::aarlei;PSAR;OP_212
380;C1.03.10.39::sgustavo;PSAR;OP_213
380;C1.03.10.39::sgustavo;PSAR;OP_214
380;C1.03.10.39::sgustavo;PSAR;OP_215
380;C1.03.10.39::sgustavo;PSAR;OP_216
380;C1.03.10.39::sgustavo;PSAR;OP_217
381;C1.02.02.09::bvmaria;PSAR;OP_288
381;C1.02.02.09::bvmaria;PSAR;OP_289
381;C1.02.02.09::bvmaria;PSAR;OP_290
381;C1.02.02.09::bvmaria;PSAR;OP_291
381;C1.02.02.09::bvmaria;PSAR;OP_292
382;C1.04.12::jednaldo;PSAR;GEST_127
382;C1.04.12::jednaldo;PSAR;GEST_128
382;C1.04.12::jednaldo;PSAR;GEST_129
382;C1.04.12::jednaldo;PSAR;GEST_301
382;C1.04.12::jednaldo;PSAR;GEST_126
383;C1.04.13::sdaniela;PSAR;GEST_337
383;C1.04.13::sdaniela;PSAR;GEST_338
383;C1.04.13::sdaniela;PSAR;GEST_339
383;C1.04.13::sdaniela;PSAR;GEST_340
384;C1.04.14::scliviane;PSAR;GEST_130
384;C1.04.14::scliviane;PSAR;GEST_131
384;C1.04.14::scliviane;PSAR;GEST_132
384;C1.04.14::scliviane;PSAR;GEST_133
384;C1.04.14::scliviane;PSAR;GEST_134
385;C1.04.12.1::audit.vago;PSAR;GEST_135
386;C1.04.16::SKauany;PSAR;GEST_343
386;C1.04.16::SKauany;PSAR;GEST_344
386;C1.04.16::SKauany;PSAR;GEST_345
387;C1.03.09.05::ocamila;PSAR;MKT_148
387;C1.03.09.05::ocamila;PSAR;MKT_146
387;C1.03.09.05::ocamila;PSAR;MKT_147
387;C1.03.09.05::ocamila;PSAR;MKT_149
387;C1.03.09.05::ocamila;PSAR;MKT_150
388;C1.03.09.10::ganne;PSAR;MKT_151
388;C1.03.09.10::ganne;PSAR;MKT_152
388;C1.03.09.10::ganne;PSAR;MKT_153
388;C1.03.09.10::ganne;PSAR;MKT_154
389;C1.04.19::pandre;PSJS;GEST_166
389;C1.04.19::pandre;PSJS;GEST_167
389;C1.04.19::pandre;PSJS;GEST_168
389;C1.04.19::pandre;PSJS;GEST_170
389;C1.04.19::pandre;PSJS;GEST_171
389;C1.04.19::pandre;PSJS;GEST_342
390;C1.04.29::kviviane;PSJS;GEST_241
390;C1.04.29::kviviane;PSJS;GEST_242
390;C1.04.29::kviviane;PSJS;GEST_243
390;C1.04.29::kviviane;PSJS;GEST_289
390;C1.04.29::kviviane;PSJS;GEST_290
391;C1.04.21::ekarin;PSJS;GEST_176
391;C1.04.21::ekarin;PSJS;GEST_177
391;C1.04.21::ekarin;PSJS;GEST_178
391;C1.04.21::ekarin;PSJS;GEST_179
391;C1.04.21::ekarin;PSJS;GEST_180
392;C1.04.22::cvinicius;PSJS;GEST_181
392;C1.04.22::cvinicius;PSJS;GEST_182
392;C1.04.22::cvinicius;PSJS;GEST_183
392;C1.04.22::cvinicius;PSJS;GEST_184
393;C1.04.23::skeila;PSJS;GEST_185
393;C1.04.23::skeila;PSJS;GEST_186
393;C1.04.23::skeila;PSJS;GEST_187
394;C1.04.20::aeliezer;PSJS;GEST_172
394;C1.04.20::aeliezer;PSJS;GEST_173
394;C1.04.20::aeliezer;PSJS;GEST_174
394;C1.04.20::aeliezer;PSJS;GEST_175
395;C1.03.10.44::arenato;PSJS;OP_218
395;C1.03.10.44::arenato;PSJS;OP_219
395;C1.03.10.44::arenato;PSJS;OP_220
395;C1.03.10.44::arenato;PSJS;OP_221
395;C1.03.10.44::arenato;PSJS;OP_222
395;C1.03.10.44::arenato;PSJS;OP_223
396;C1.03.10.40::umariza;PSJS;OP_234
396;C1.03.10.40::umariza;PSJS;OP_235
396;C1.03.10.40::umariza;PSJS;OP_236
396;C1.03.10.40::umariza;PSJS;OP_237
397;C1.03.10.41::tnuor;PSJS;OP_224
397;C1.03.10.41::tnuor;PSJS;OP_225
397;C1.03.10.41::tnuor;PSJS;OP_226
397;C1.03.10.41::tnuor;PSJS;OP_227
397;C1.03.10.41::tnuor;PSJS;OP_228
398;C1.03.10.42::fjoao;PSJS;OP_230
398;C1.03.10.42::fjoao;PSJS;OP_231
398;C1.03.10.42::fjoao;PSJS;OP_232
398;C1.03.10.42::fjoao;PSJS;OP_233
398;C1.03.10.42::fjoao;PSJS;OP_229
399;C1.03.07.36::pfernando;PSJS;OP_347
399;C1.03.07.36::pfernando;PSJS;OP_348
399;C1.03.07.36::pfernando;PSJS;OP_349
399;C1.03.07.36::pfernando;PSJS;OP_350
399;C1.03.07.36::pfernando;PSJS;OP_351
400;C1.03.09.15::athiago;PSJS;MKT_037
400;C1.03.09.15::athiago;PSJS;MKT_035
400;C1.03.09.15::athiago;PSJS;MKT_036
400;C1.03.09.15::athiago;PSJS;MKT_038
400;C1.03.09.15::athiago;PSJS;MKT_039
401;C1.03.09.02::bedilene;PSJS;MKT_040
401;C1.03.09.02::bedilene;PSJS;MKT_041
401;C1.03.09.02::bedilene;PSJS;MKT_042
401;C1.03.09.02::bedilene;PSJS;MKT_043
402;C1.03.09.02::agisele;PSJS;
403;C1.03.09.02.01::rcamilla;PSPC;
404;C1.04::nclayton;Partage_ADM;DFIN_0006
404;C1.04::nclayton;Partage_ADM;DFIN_0008
404;C1.04::nclayton;Partage_ADM;DFIN_0007
404;C1.04::nclayton;Partage_ADM;DFIN_0001
405;C1.05::cadriano;Partage_ADM;COM_165
405;C1.05::cadriano;Partage_ADM;COM_167
405;C1.05::cadriano;Partage_ADM;COM_166
405;C1.05::cadriano;Partage_ADM;COM_169
405;C1.05::cadriano;Partage_ADM;COM_168
406;C1.05.01::vago.nrubens;Comercial_S|SE;COM_005
406;C1.05.01::vago.nrubens;Comercial_S|SE;COM_006
406;C1.05.01::vago.nrubens;Comercial_S|SE;COM_007
406;C1.05.01::vago.nrubens;Comercial_S|SE;COM_008
406;C1.05.01::vago.nrubens;Comercial_S|SE;COM_009
407;C1.05.02.02::PSSG;PSSG;
408;C1.05.02.01.35::paugusto;Partage_ADM;
409;C1.05.02.01.35::pfmarcelo;Partage_ADM;
410;C1.05.02.01.36::fjose;Partage_ADM;
411;C1.05.02.03::psrg;PSRG;
412;C1.05.02.01::PSB;PSBE;
413;C1.05.02.01.09.03::OP001dfabiana;Partage_ADM;
414;C1.05.03::anathalia;Partage_ADM;
415;C1.05.03::bpaulo;Partage_ADM;
416;C1.01.05::cprafael;Partage_ADM;COM_186
416;C1.01.05::cprafael;Partage_ADM;COM_187
416;C1.01.05::cprafael;Partage_ADM;COM_188
416;C1.01.05::cprafael;Partage_ADM;COM_190
416;C1.01.05::cprafael;Partage_ADM;COM_189
417;C1.01.04.01::athaiane;PSSG;
418;C1.01.03.04::bmmonica;PSPC;
419;C1.01.03.04::grogerio;PSPC;
420;C1.01.03::nmarcus;PSPA;COM_103
420;C1.01.03::nmarcus;PSPA;COM_104
420;C1.01.03::nmarcus;PSPA;COM_105
420;C1.01.03::nmarcus;PSPA;COM_106
420;C1.01.03::nmarcus;PSPA;COM_107
421;C1.01.03::nmarcus;PSMA;COM_103
421;C1.01.03::nmarcus;PSMA;COM_104
421;C1.01.03::nmarcus;PSMA;COM_105
421;C1.01.03::nmarcus;PSMA;COM_106
421;C1.01.03::nmarcus;PSMA;COM_107
422;C1.01.03::nmarcus;PSPC;COM_103
422;C1.01.03::nmarcus;PSPC;COM_104
422;C1.01.03::nmarcus;PSPC;COM_105
422;C1.01.03::nmarcus;PSPC;COM_106
422;C1.01.03::nmarcus;PSPC;COM_107
423;C1.01.03::nmarcus;S3A;COM_103
423;C1.01.03::nmarcus;S3A;COM_104
423;C1.01.03::nmarcus;S3A;COM_105
423;C1.01.03::nmarcus;S3A;COM_106
423;C1.01.03::nmarcus;S3A;COM_107
424;C1.01.03::sbruno;PSPA;
425;C1.01.03::sbruno;PSMA;
426;C1.01.03::sbruno;PSPC;
427;C1.01.03::sbruno;S3A;
428;C1.01.02.04::OP002odalila;Partage_ADM;
429;C1.01.02.04::OP003odalila;Partage_ADM;
430;C1.01.02.04::msimone;Partage_ADM;
431;C1.05.02.01.28::selane;PSMA;COM_119
431;C1.05.02.01.28::selane;PSMA;COM_120
431;C1.05.02.01.28::selane;PSMA;COM_121
432;C1.05.02.01.45::abruce;PSPA;COM_116
432;C1.05.02.01.45::abruce;PSPA;COM_117
432;C1.05.02.01.45::abruce;PSPA;COM_118
433;C1.05.02.01.48::nandreia;S3A;COM_135
433;C1.05.02.01.48::nandreia;S3A;COM_136
433;C1.05.02.01.48::nandreia;S3A;COM_137
434;C1.01.03.06::ctaina;PSPC;COM_122
434;C1.01.03.06::ctaina;PSPC;COM_123
434;C1.01.03.06::ctaina;PSPC;COM_124
435;C1.05.02.01.44::sjoelania;PSSG;COM_108
435;C1.05.02.01.44::sjoelania;PSSG;COM_109
435;C1.05.02.01.44::sjoelania;PSSG;COM_110
435;C1.05.02.01.44::sjoelania;PSSG;COM_111
435;C1.05.02.01.44::sjoelania;PSSG;COM_112
436;C1.05.02.01.44::sjoelania;PSRG;COM_108
436;C1.05.02.01.44::sjoelania;PSRG;COM_109
436;C1.05.02.01.44::sjoelania;PSRG;COM_110
436;C1.05.02.01.44::sjoelania;PSRG;COM_111
436;C1.05.02.01.44::sjoelania;PSRG;COM_112
437;C1.05.02.01.44::sjoelania;PSJS;COM_108
437;C1.05.02.01.44::sjoelania;PSJS;COM_109
437;C1.05.02.01.44::sjoelania;PSJS;COM_110
437;C1.05.02.01.44::sjoelania;PSJS;COM_111
437;C1.05.02.01.44::sjoelania;PSJS;COM_112
438;C1.05.02.01.44::sjoelania;PSBE;COM_108
438;C1.05.02.01.44::sjoelania;PSBE;COM_109
438;C1.05.02.01.44::sjoelania;PSBE;COM_110
438;C1.05.02.01.44::sjoelania;PSBE;COM_111
438;C1.05.02.01.44::sjoelania;PSBE;COM_112
439;C1.01.03.05::rpaline;PSRG;COM_125
439;C1.01.03.05::rpaline;PSRG;COM_126
439;C1.01.03.05::rpaline;PSRG;COM_127
439;C1.01.03.05::rpaline;PSRG;COM_128
440;C1.01.03.05::pmaria;PSRG;
441;C1.05.02.01.46::sfilipe;PSJS;COM_129
441;C1.05.02.01.46::sfilipe;PSJS;COM_130
441;C1.05.02.01.46::sfilipe;PSJS;COM_131
442;C1.05.02.01.51::bqueops;PSSG;COM_199
442;C1.05.02.01.51::bqueops;PSSG;COM_200
442;C1.05.02.01.51::bqueops;PSSG;COM_201
443;C1.01.03.01::llucas;PSSG;COM_144
443;C1.01.03.01::llucas;PSSG;COM_145
443;C1.01.03.01::llucas;PSSG;COM_146
444;C1.01.03.09::lrenato;PSBE;COM_183
444;C1.01.03.09::lrenato;PSBE;COM_184
444;C1.01.03.09::lrenato;PSBE;COM_185
445;C1.01.03.02::sricardo;PSBE;COM_141
445;C1.01.03.02::sricardo;PSBE;COM_142
445;C1.01.03.02::sricardo;PSBE;COM_143
446;C1.05.02.01.53::sdouglas;PSSG;COM_240
446;C1.05.02.01.53::sdouglas;PSSG;COM_241
446;C1.05.02.01.53::sdouglas;PSSG;COM_242
447;C1.01.02.02::deudes;PSCG;COM_099
447;C1.01.02.02::deudes;PSCG;COM_100
447;C1.01.02.02::deudes;PSCG;COM_101
447;C1.01.02.02::deudes;PSCG;COM_102
448;C1.01.02.02::deudes;PNSN;COM_099
448;C1.01.02.02::deudes;PNSN;COM_100
448;C1.01.02.02::deudes;PNSN;COM_101
448;C1.01.02.02::deudes;PNSN;COM_102
449;C1.01.02.02::deudes;PSMO;COM_099
449;C1.01.02.02::deudes;PSMO;COM_100
449;C1.01.02.02::deudes;PSMO;COM_101
449;C1.01.02.02::deudes;PSMO;COM_102
450;C1.01.02.02::deudes;PSAR;COM_099
450;C1.01.02.02::deudes;PSAR;COM_100
450;C1.01.02.02::deudes;PSAR;COM_101
450;C1.01.02.02::deudes;PSAR;COM_102
451;C1.01.02.08::vdaniele;PSMO;COM_113
451;C1.01.02.08::vdaniele;PSMO;COM_114
451;C1.01.02.08::vdaniele;PSMO;COM_115
452;C1.01.02.05::djoelly;PSCG;COM_196
452;C1.01.02.05::djoelly;PSCG;COM_197
452;C1.01.02.05::djoelly;PSCG;COM_198
453;C1.05.01.01.06::brenata;PSCG;COM_180
453;C1.05.01.01.06::brenata;PSCG;COM_181
453;C1.05.01.01.06::brenata;PSCG;COM_182
454;C1.05.02.01.47::sclewerton;PSAR;COM_132
454;C1.05.02.01.47::sclewerton;PSAR;COM_133
454;C1.05.02.01.47::sclewerton;PSAR;COM_134
455;C1.05.02.01.49::nclara;PNSN;COM_138
455;C1.05.02.01.49::nclara;PNSN;COM_139
455;C1.05.02.01.49::nclara;PNSN;COM_140
456;C1.01.02.01.50::lgabriel;PNSN;COM_216
456;C1.01.02.01.50::lgabriel;PNSN;COM_217
456;C1.01.02.01.50::lgabriel;PNSN;COM_218
457;C1.05.13::VAGOpmarcia;PSBSB;COM_014
457;C1.05.13::VAGOpmarcia;PSBSB;COM_015
457;C1.05.13::VAGOpmarcia;PSBSB;COM_016
457;C1.05.13::VAGOpmarcia;PSBSB;COM_017
458;C1.05.11.3::beugenia;PSBSB;COM_205
458;C1.05.11.3::beugenia;PSBSB;COM_206
458;C1.05.11.3::beugenia;PSBSB;COM_207
458;C1.05.11.3::beugenia;PSBSB;COM_208
459;C1.05.11.3::pnathalia;PSBSB;COM_018
459;C1.05.11.3::pnathalia;PSBSB;COM_019
459;C1.05.11.3::pnathalia;PSBSB;COM_020
460;C1.05.11.1::slilian;PSBSB;COM_026
460;C1.05.11.1::slilian;PSBSB;COM_027
460;C1.05.11.1::slilian;PSBSB;COM_028
460;C1.05.11.1::slilian;PSBSB;COM_029
461;C1.05.11.2::cvanessa;PSBSB;COM_022
461;C1.05.11.2::cvanessa;PSBSB;COM_023
461;C1.05.11.2::cvanessa;PSBSB;COM_024
461;C1.05.11.2::cvanessa;PSBSB;COM_025
462;C1.05.01.03.02::pgeancarlo;Partage_ADM;
463;C1.05.01.01::PSCG;PSCG;
464;C1.05.01.02::PNSN;PNSN;
465;C1.05.01.03.05::ggabriel;Partage_ADM;
466;C1.05.01.04::PSM;PSMO;
467;C1.05.14::akaue;Partage_ADM;COM_161
467;C1.05.14::akaue;Partage_ADM;COM_162
467;C1.05.14::akaue;Partage_ADM;COM_163
467;C1.05.14::akaue;Partage_ADM;COM_160
467;C1.05.14::akaue;Partage_ADM;COM_164
468;C1.05.09::msvinicius;Partage_ADM;COM_151
468;C1.05.09::msvinicius;Partage_ADM;COM_152
468;C1.05.09::msvinicius;Partage_ADM;COM_153
468;C1.05.09::msvinicius;Partage_ADM;COM_154
469;C1.05.02.01.52::smonica;Partage_ADM;COM_155
469;C1.05.02.01.52::smonica;Partage_ADM;COM_156
469;C1.05.02.01.52::smonica;Partage_ADM;COM_159
469;C1.05.02.01.52::smonica;Partage_ADM;COM_157
469;C1.05.02.01.52::smonica;Partage_ADM;COM_158
470;C1.05.14.1::ghenrique;Partage_ADM;COM_147
470;C1.05.14.1::ghenrique;Partage_ADM;COM_148
470;C1.05.14.1::ghenrique;Partage_ADM;COM_149
470;C1.05.14.1::ghenrique;Partage_ADM;COM_150
471;C1.05.14.1::sroni;Partage_ADM;
472;C1.05.14.3::mnathalia;Partage_ADM;COM_249
472;C1.05.14.3::mnathalia;Partage_ADM;COM_250
472;C1.05.14.3::mnathalia;Partage_ADM;COM_251
472;C1.05.14.3::mnathalia;Partage_ADM;COM_248
473;C1.05.16::avictor;PSPC;COM_010
473;C1.05.16::avictor;PSPC;COM_011
473;C1.05.16::avictor;PSPC;COM_012
473;C1.05.16::avictor;PSPC;COM_013
474;C1.05.16::avictor;PSMA;COM_010
474;C1.05.16::avictor;PSMA;COM_011
474;C1.05.16::avictor;PSMA;COM_012
474;C1.05.16::avictor;PSMA;COM_013
475;C1.05.16::avictor;S3A;COM_010
475;C1.05.16::avictor;S3A;COM_011
475;C1.05.16::avictor;S3A;COM_012
475;C1.05.16::avictor;S3A;COM_013
476;C1.05.01.03::PSP;PSPA;
477;C1.05.02.09::PSPM;PSMA;
478;C1.05.02.08::pspc;PSPC;
479;C1.05.17::mlaio;PSPA;COM_231
479;C1.05.17::mlaio;PSPA;COM_232
479;C1.05.17::mlaio;PSPA;COM_233
479;C1.05.17::mlaio;PSPA;COM_234
480;C1.05.17::mlaio;PSMA;COM_231
480;C1.05.17::mlaio;PSMA;COM_232
480;C1.05.17::mlaio;PSMA;COM_233
480;C1.05.17::mlaio;PSMA;COM_234
481;C1.05.17::mlaio;S3A;COM_231
481;C1.05.17::mlaio;S3A;COM_232
481;C1.05.17::mlaio;S3A;COM_233
481;C1.05.17::mlaio;S3A;COM_234
482;C1.01.11.1::oamanda;S3A;COM_087
482;C1.01.11.1::oamanda;S3A;COM_088
482;C1.01.11.1::oamanda;S3A;COM_089
482;C1.01.11.1::oamanda;S3A;COM_090
483;C1.05.02.01.41::cuelquer;PSPA;COM_058
483;C1.05.02.01.41::cuelquer;PSPA;COM_059
483;C1.05.02.01.41::cuelquer;PSPA;COM_060
483;C1.05.02.01.41::cuelquer;PSPA;COM_061
483;C1.05.02.01.41::cuelquer;PSPA;COM_062
484;C1.05.02.01.30::mcamila;PSMA;COM_068
484;C1.05.02.01.30::mcamila;PSMA;COM_069
484;C1.05.02.01.30::mcamila;PSMA;COM_070
484;C1.05.02.01.30::mcamila;PSMA;COM_071
484;C1.05.02.01.30::mcamila;PSMA;COM_072
485;C1.05.08::bjahine;Partage_ADM;COM_170
485;C1.05.08::bjahine;Partage_ADM;COM_171
485;C1.05.08::bjahine;Partage_ADM;COM_172
485;C1.05.08::bjahine;Partage_ADM;COM_173
485;C1.05.08::bjahine;Partage_ADM;COM_174
486;C1.05.15::mlaio;Partage_ADM;COM_175
486;C1.05.15::mlaio;Partage_ADM;COM_176
486;C1.05.15::mlaio;Partage_ADM;COM_177
486;C1.05.15::mlaio;Partage_ADM;COM_178
486;C1.05.15::mlaio;Partage_ADM;COM_179
487;C1.01.02::fcicero;PNSN;COM_001
487;C1.01.02::fcicero;PNSN;COM_002
487;C1.01.02::fcicero;PNSN;COM_003
487;C1.01.02::fcicero;PNSN;COM_004
488;C1.01.02::fcicero;PSMO;COM_001
488;C1.01.02::fcicero;PSMO;COM_002
488;C1.01.02::fcicero;PSMO;COM_003
488;C1.01.02::fcicero;PSMO;COM_004
489;C1.01.02::fcicero;PSAR;COM_001
489;C1.01.02::fcicero;PSAR;COM_002
489;C1.01.02::fcicero;PSAR;COM_003
489;C1.01.02::fcicero;PSAR;COM_004
490;C1.01.02::fcicero;PSCG;COM_001
490;C1.01.02::fcicero;PSCG;COM_002
490;C1.01.02::fcicero;PSCG;COM_003
490;C1.01.02::fcicero;PSCG;COM_004
491;C1.05.02.01.38::mednir;PSMO;COM_045
491;C1.05.02.01.38::mednir;PSMO;COM_046
491;C1.05.02.01.38::mednir;PSMO;COM_047
491;C1.05.02.01.38::mednir;PSMO;COM_048
492;C1.05.01.04.02::bcarlos;PSCG;COM_030
492;C1.05.01.04.02::bcarlos;PSCG;COM_031
492;C1.05.01.04.02::bcarlos;PSCG;COM_032
492;C1.05.01.04.02::bcarlos;PSCG;COM_033
492;C1.05.01.04.02::bcarlos;PSCG;COM_034
493;C1.05.02.01.33::VAGOsgmarcia;PSCG;COM_035
493;C1.05.02.01.33::VAGOsgmarcia;PSCG;COM_036
493;C1.05.02.01.33::VAGOsgmarcia;PSCG;COM_037
493;C1.05.02.01.33::VAGOsgmarcia;PSCG;COM_038
493;C1.05.02.01.33::VAGOsgmarcia;PSCG;COM_039
494;C1.05.01.02.01::bthereza;PNSN;COM_040
494;C1.05.01.02.01::bthereza;PNSN;COM_041
494;C1.05.01.02.01::bthereza;PNSN;COM_042
494;C1.05.01.02.01::bthereza;PNSN;COM_043
494;C1.05.01.02.01::bthereza;PNSN;COM_044
495;C1.05.02.01.42::pafabio;PSAR;COM_091
495;C1.05.02.01.42::pafabio;PSAR;COM_092
495;C1.05.02.01.42::pafabio;PSAR;COM_093
495;C1.05.02.01.42::pafabio;PSAR;COM_094
496;C1.05.02.01.43::cbpaulo;PSAR;COM_095
496;C1.05.02.01.43::cbpaulo;PSAR;COM_096
496;C1.05.02.01.43::cbpaulo;PSAR;COM_097
496;C1.05.02.01.43::cbpaulo;PSAR;COM_098
497;C1.05.10::bjahine;Partage_ADM;COM_226
497;C1.05.10::bjahine;Partage_ADM;COM_227
497;C1.05.10::bjahine;Partage_ADM;COM_228
497;C1.05.10::bjahine;Partage_ADM;COM_229
497;C1.05.10::bjahine;Partage_ADM;COM_230
498;C1.05.02.01.50::bnbruno;Partage_ADM;COM_191
498;C1.05.02.01.50::bnbruno;Partage_ADM;COM_192
498;C1.05.02.01.50::bnbruno;Partage_ADM;COM_193
498;C1.05.02.01.50::bnbruno;Partage_ADM;COM_194
498;C1.05.02.01.50::bnbruno;Partage_ADM;COM_195
499;C1.05.14.2::ghenrique;Partage_ADM;COM_219
499;C1.05.14.2::ghenrique;Partage_ADM;COM_220
499;C1.05.14.2::ghenrique;Partage_ADM;COM_221
499;C1.05.14.2::ghenrique;Partage_ADM;COM_222
499;C1.05.14.2::ghenrique;Partage_ADM;COM_223
500;C1.05.18::avictor;Comercial_S|SE;COM_235
500;C1.05.18::avictor;Comercial_S|SE;COM_236
500;C1.05.18::avictor;Comercial_S|SE;COM_237
500;C1.05.18::avictor;Comercial_S|SE;COM_238
500;C1.05.18::avictor;Comercial_S|SE;COM_239
501;C1.05.02.01.09.04::agustavo;PSBE;COM_073
501;C1.05.02.01.09.04::agustavo;PSBE;COM_074
501;C1.05.02.01.09.04::agustavo;PSBE;COM_075
501;C1.05.02.01.09.04::agustavo;PSBE;COM_076
501;C1.05.02.01.09.04::agustavo;PSBE;COM_077
502;C1.05.02.01.09.07::wthais;PSJS;COM_212
502;C1.05.02.01.09.07::wthais;PSJS;COM_213
502;C1.05.02.01.09.07::wthais;PSJS;COM_214
502;C1.05.02.01.09.07::wthais;PSJS;COM_215
502;C1.05.02.01.09.07::wthais;PSJS;COM_225
503;C1.05.02.01.09.05::stais;PSBE;COM_078
503;C1.05.02.01.09.05::stais;PSBE;COM_079
503;C1.05.02.01.09.05::stais;PSBE;COM_080
503;C1.05.02.01.09.05::stais;PSBE;COM_081
503;C1.05.02.01.09.05::stais;PSBE;COM_082
504;C1.05.02.01.14::sliliane;PSRG;COM_083
504;C1.05.02.01.14::sliliane;PSRG;COM_084
504;C1.05.02.01.14::sliliane;PSRG;COM_085
504;C1.05.02.01.14::sliliane;PSRG;COM_086
505;C1.05.02.01.14::vago107;PSRG;
506;C1.05.02.01.09.06::glidia;PSRG;COM_209
506;C1.05.02.01.09.06::glidia;PSRG;COM_210
506;C1.05.02.01.09.06::glidia;PSRG;COM_211
506;C1.05.02.01.09.06::glidia;PSRG;COM_224
507;C1.05.02.01.37::shcarlos;PSSG;COM_063
507;C1.05.02.01.37::shcarlos;PSSG;COM_064
507;C1.05.02.01.37::shcarlos;PSSG;COM_065
507;C1.05.02.01.37::shcarlos;PSSG;COM_066
507;C1.05.02.01.37::shcarlos;PSSG;COM_067
508;C1.05.02.01.02.04::deverton;PSPC;COM_053
508;C1.05.02.01.02.04::deverton;PSPC;COM_054
508;C1.05.02.01.02.04::deverton;PSPC;COM_055
508;C1.05.02.01.02.04::deverton;PSPC;COM_056
508;C1.05.02.01.02.04::deverton;PSPC;COM_057
509;C1.05.02.01.54::bqueops;PSSG;COM_243
509;C1.05.02.01.54::bqueops;PSSG;COM_244
509;C1.05.02.01.54::bqueops;PSSG;COM_245
509;C1.05.02.01.54::bqueops;PSSG;COM_246
509;C1.05.02.01.54::bqueops;PSSG;COM_247
510;C1.01.02.03.04::cjanete;Empreendimentos;SGQ_001
510;C1.01.02.03.04::cjanete;Empreendimentos;SGQ_002
510;C1.01.02.03.04::cjanete;Empreendimentos;SGQ_003
510;C1.01.02.03.04::cjanete;Empreendimentos;SGQ_004
511;C1.01.02.03.05::robo;Partage_ADM;
512;C1.01.02.03.05::fake;Partage_ADM;
513;C1.01.02.03.05::jmarcio;Partage_ADM;
514;C2::andrei.santini;Empreendimentos;
515;C2.2::bamanda;Empreendimentos;ENG_005
515;C2.2::bamanda;Empreendimentos;ENG_006
515;C2.2::bamanda;Empreendimentos;ENG_007
515;C2.2::bamanda;Empreendimentos;ENG_008
516;C2.2.1::sbrenda;Empreendimentos;ENG_018
516;C2.2.1::sbrenda;Empreendimentos;ENG_014
516;C2.2.1::sbrenda;Empreendimentos;ENG_015
516;C2.2.1::sbrenda;Empreendimentos;ENG_016
516;C2.2.1::sbrenda;Empreendimentos;ENG_017
517;C2.2.2::rgabriel;Empreendimentos;ENG_013
517;C2.2.2::rgabriel;Empreendimentos;ENG_009
517;C2.2.2::rgabriel;Empreendimentos;ENG_010
517;C2.2.2::rgabriel;Empreendimentos;ENG_011
517;C2.2.2::rgabriel;Empreendimentos;ENG_012
518;C2.8::arenata;Empreendimentos;ENG_001
518;C2.8::arenata;Empreendimentos;ENG_002
518;C2.8::arenata;Empreendimentos;ENG_003
518;C2.8::arenata;Empreendimentos;ENG_004
519;C2.4::sana;Empreendimentos;JUR_001
519;C2.4::sana;Empreendimentos;JUR_002
519;C2.4::sana;Empreendimentos;JUR_003
519;C2.4::sana;Empreendimentos;JUR_004
519;C2.4::sana;Empreendimentos;JUR_005
520;C2.4.1::slaiane;Empreendimentos;JUR_011
520;C2.4.1::slaiane;Empreendimentos;JUR_012
520;C2.4.1::slaiane;Empreendimentos;JUR_013
520;C2.4.1::slaiane;Empreendimentos;JUR_014
520;C2.4.1::slaiane;Empreendimentos;JUR_015
521;C2.4.2::klarissa;Empreendimentos;JUR_006
521;C2.4.2::klarissa;Empreendimentos;JUR_007
521;C2.4.2::klarissa;Empreendimentos;JUR_008
521;C2.4.2::klarissa;Empreendimentos;JUR_009
521;C2.4.2::klarissa;Empreendimentos;JUR_010
522;C2.4.3::leilane.silva;Empreendimentos;JUR_017
522;C2.4.3::leilane.silva;Empreendimentos;JUR_018
522;C2.4.3::leilane.silva;Empreendimentos;JUR_019
522;C2.4.3::leilane.silva;Empreendimentos;JUR_020
522;C2.4.3::leilane.silva;Empreendimentos;JUR_021
523;C2.4.4::cleber.santos;Empreendimentos;JUR_022
523;C2.4.4::cleber.santos;Empreendimentos;JUR_023
523;C2.4.4::cleber.santos;Empreendimentos;JUR_024
523;C2.4.4::cleber.santos;Empreendimentos;JUR_025
523;C2.4.4::cleber.santos;Empreendimentos;JUR_026
524;C2.1::nclayton;Empreendimentos;DFIN_0002
524;C2.1::nclayton;Empreendimentos;DFIN_0003
524;C2.1::nclayton;Empreendimentos;DFIN_0004
524;C2.1::nclayton;Empreendimentos;DFIN_0005
525;C2.1.5::pacristiano;Empreendimentos;CSC_0001
525;C2.1.5::pacristiano;Empreendimentos;CSC_0002
525;C2.1.5::pacristiano;Empreendimentos;CSC_0003
525;C2.1.5::pacristiano;Empreendimentos;CSC_0004
525;C2.1.5::pacristiano;Empreendimentos;CSC_0005
526;C2.1.5.2::sjorge;Empreendimentos;CSC_0011
526;C2.1.5.2::sjorge;Empreendimentos;CSC_0012
526;C2.1.5.2::sjorge;Empreendimentos;CSC_0013
526;C2.1.5.2::sjorge;Empreendimentos;CSC_0014
526;C2.1.5.2::sjorge;Empreendimentos;CSC_0015
527;C2.1.5.1::mdaniele;Empreendimentos;CSC_0006
527;C2.1.5.1::mdaniele;Empreendimentos;CSC_0007
527;C2.1.5.1::mdaniele;Empreendimentos;CSC_0008
527;C2.1.5.1::mdaniele;Empreendimentos;CSC_0009
527;C2.1.5.1::mdaniele;Empreendimentos;CSC_0010
528;C2.1.1::mleandro;Empreendimentos;CTLHOLD_0002
528;C2.1.1::mleandro;Empreendimentos;CTLHOLD_0007
528;C2.1.1::mleandro;Empreendimentos;CTLHOLD_0003
528;C2.1.1::mleandro;Empreendimentos;CTLHOLD_0004
528;C2.1.1::mleandro;Empreendimentos;CTLHOLD_0005
528;C2.1.1::mleandro;Empreendimentos;CTLHOLD_0006
528;C2.1.1::mleandro;Empreendimentos;CTLHOLD_0001
529;C2.1.1.1::swesles;Empreendimentos;CTLHOLD_0014
529;C2.1.1.1::swesles;Empreendimentos;CTLHOLD_0015
529;C2.1.1.1::swesles;Empreendimentos;CTLHOLD_0016
530;C2.1.1.2::onayara;Empreendimentos;CTLHOLD_0008
530;C2.1.1.2::onayara;Empreendimentos;CTLHOLD_0009
530;C2.1.1.2::onayara;Empreendimentos;CTLHOLD_0010
531;C2.1.1.3::rfabiana;Empreendimentos;CTLHOLD_0017
531;C2.1.1.3::rfabiana;Empreendimentos;CTLHOLD_0018
531;C2.1.1.3::rfabiana;Empreendimentos;CTLHOLD_0019
532;C2.1.1.4::nnilo;Empreendimentos;CTLHOLD_0011
532;C2.1.1.4::nnilo;Empreendimentos;CTLHOLD_0012
532;C2.1.1.4::nnilo;Empreendimentos;CTLHOLD_0013
533;C2.1.1.5::omike;Empreendimentos;CTLHOLD_0020
533;C2.1.1.5::omike;Empreendimentos;CTLHOLD_0021
533;C2.1.1.5::omike;Empreendimentos;CTLHOLD_0022
534;C2.1.2::hsandra;Empreendimentos;TI_0006
534;C2.1.2::hsandra;Empreendimentos;TI_0008
534;C2.1.2::hsandra;Empreendimentos;TI_0009
534;C2.1.2::hsandra;Empreendimentos;TI_0010
534;C2.1.2::hsandra;Empreendimentos;TI_0007
535;C2.1.2.1::ijoaopaulo;Empreendimentos;BI_0002
535;C2.1.2.1::ijoaopaulo;Empreendimentos;BI_0004
535;C2.1.2.1::ijoaopaulo;Empreendimentos;BI_0005
535;C2.1.2.1::ijoaopaulo;Empreendimentos;BI_0001
535;C2.1.2.1::ijoaopaulo;Empreendimentos;BI_0003
536;C2.1.2.2::belizandro;Empreendimentos;BI_0006
536;C2.1.2.2::belizandro;Empreendimentos;BI_0007
536;C2.1.2.2::belizandro;Empreendimentos;BI_0009
536;C2.1.2.2::belizandro;Empreendimentos;BI_0008
537;C2.1.2.3::nandre;Empreendimentos;TI_0004
537;C2.1.2.3::nandre;Empreendimentos;TI_0001
537;C2.1.2.3::nandre;Empreendimentos;TI_0002
537;C2.1.2.3::nandre;Empreendimentos;TI_0003
538;C2.1.3::jluiz;Empreendimentos;TSR_0001
538;C2.1.3::jluiz;Empreendimentos;TSR_0002
538;C2.1.3::jluiz;Empreendimentos;TSR_0003
538;C2.1.3::jluiz;Empreendimentos;TSR_0004
538;C2.1.3::jluiz;Empreendimentos;TSR_0005
538;C2.1.3::jluiz;Empreendimentos;TSR_0006
539;C2.1.3.3::srobson;Empreendimentos;
540;C2.1.3.4::vago.rsoraia;Empreendimentos;TSR_0009
540;C2.1.3.4::vago.rsoraia;Empreendimentos;TSR_0010
540;C2.1.3.4::vago.rsoraia;Empreendimentos;TSR_0007
540;C2.1.3.4::vago.rsoraia;Empreendimentos;TSR_0008
540;C2.1.3.4::vago.rsoraia;Empreendimentos;TSR_0011
541;C2.7::jgustavo;Partage_ADM;COC_001
541;C2.7::jgustavo;Partage_ADM;COC_002
541;C2.7::jgustavo;Partage_ADM;COC_003
541;C2.7::jgustavo;Partage_ADM;COC_004
541;C2.7::jgustavo;Partage_ADM;COC_005
542;C2.5::brenato;Empreendimentos;PRO_001
542;C2.5::brenato;Empreendimentos;PRO_002
542;C2.5::brenato;Empreendimentos;PRO_003
542;C2.5::brenato;Empreendimentos;PRO_004
542;C2.5::brenato;Empreendimentos;PRO_005
542;C2.5::brenato;Empreendimentos;PRO_014
543;C2.3::vago.mdivie;Empreendimentos;PRO_008
543;C2.3::vago.mdivie;Empreendimentos;PRO_010
543;C2.3::vago.mdivie;Empreendimentos;PRO_009
543;C2.3::vago.mdivie;Empreendimentos;PRO_007
544;C2.3::dbruna;Empreendimentos;
545;C2.3::kcinthia;Empreendimentos;
546;C2.6::dtauane;Empreendimentos;PRO_006
546;C2.6::dtauane;Empreendimentos;PRO_011
546;C2.6::dtauane;Empreendimentos;PRO_012
546;C2.6::dtauane;Empreendimentos;PRO_013
546;C2.6::dtauane;Empreendimentos;PRO_015
547;C2.1.4::vago.amarcia;Empreendimentos;RH_0001
547;C2.1.4::vago.amarcia;Empreendimentos;RH_0002
547;C2.1.4::vago.amarcia;Empreendimentos;RH_0003
547;C2.1.4::vago.amarcia;Empreendimentos;RH_0004
548;C2.1.4::bcibelly;Empreendimentos;
549;C2.1.4::OP001btatiana;Empreendimentos;
550;C2.1.4::svitoria;Empreendimentos;
551;C1.03.02.01.01.04::llaise;PSBE;
552;C1.03.03.01.01.04::crogeria;PNSN;
